-- phpMyAdmin SQL Dump
-- version 5.2.1
-- https://www.phpmyadmin.net/
--
-- Host: 127.0.0.1
-- Generation Time: Jan 05, 2024 at 02:33 PM
-- Server version: 10.4.28-MariaDB
-- PHP Version: 8.2.4

SET SQL_MODE = "NO_AUTO_VALUE_ON_ZERO";
START TRANSACTION;
SET time_zone = "+00:00";


/*!40101 SET @OLD_CHARACTER_SET_CLIENT=@@CHARACTER_SET_CLIENT */;
/*!40101 SET @OLD_CHARACTER_SET_RESULTS=@@CHARACTER_SET_RESULTS */;
/*!40101 SET @OLD_COLLATION_CONNECTION=@@COLLATION_CONNECTION */;
/*!40101 SET NAMES utf8mb4 */;

--
-- Database: `loretrack`
--

-- --------------------------------------------------------

--
-- Table structure for table `health_status`
--

CREATE TABLE `health_status` (
  `status_id` int(11) NOT NULL,
  `lora_noseries` varchar(20) DEFAULT NULL,
  `HR` int(11) DEFAULT NULL,
  `SPO2` int(11) DEFAULT NULL,
  `Temp` decimal(3,1) DEFAULT NULL,
  `time` time DEFAULT current_timestamp(),
  `date` date DEFAULT current_timestamp(),
  `profile_id` int(11) DEFAULT NULL
) ENGINE=InnoDB DEFAULT CHARSET=utf8mb4 COLLATE=utf8mb4_general_ci;

--
-- Dumping data for table `health_status`
--

INSERT INTO `health_status` (`status_id`, `lora_noseries`, `HR`, `SPO2`, `Temp`, `time`, `date`, `profile_id`) VALUES
(501, '0xa8', 70, 70, 70.0, '18:32:58', '2023-12-30', 11),
(502, '0xa8', 75, 70, 70.0, '18:32:58', '2023-12-30', 11),
(503, '0xa8', 73, 70, 70.0, '18:32:58', '2023-12-30', 11),
(504, '0xa8', 78, 70, 70.0, '18:32:58', '2023-12-30', 11),
(505, '0xa8', 80, 70, 70.0, '18:32:58', '2023-12-30', 11),
(506, '0xa6', 70, 70, 70.0, '18:33:03', '2023-12-30', 10),
(507, '0xa6', 75, 70, 70.0, '18:33:03', '2023-12-30', 10),
(508, '0xa6', 73, 70, 70.0, '18:33:03', '2023-12-30', 10),
(509, '0xa6', 78, 70, 70.0, '18:33:03', '2023-12-30', 10),
(510, '0xa6', 80, 70, 70.0, '18:33:03', '2023-12-30', 10),
(511, '0xa8', 70, 70, 70.0, '18:33:28', '2023-12-30', 11),
(512, '0xa8', 75, 70, 70.0, '18:33:28', '2023-12-30', 11),
(513, '0xa8', 73, 70, 70.0, '18:33:28', '2023-12-30', 11),
(514, '0xa8', 78, 70, 70.0, '18:33:28', '2023-12-30', 11),
(515, '0xa8', 80, 70, 70.0, '18:33:28', '2023-12-30', 11),
(516, '0xa8', 70, 70, 70.0, '18:33:44', '2023-12-30', 11),
(517, '0xa8', 75, 70, 70.0, '18:33:44', '2023-12-30', 11),
(518, '0xa8', 73, 70, 70.0, '18:33:44', '2023-12-30', 11),
(519, '0xa8', 78, 70, 70.0, '18:33:44', '2023-12-30', 11),
(520, '0xa8', 80, 70, 70.0, '18:33:44', '2023-12-30', 11),
(521, '0xa6', 70, 70, 70.0, '18:34:04', '2023-12-30', 10),
(522, '0xa6', 75, 70, 70.0, '18:34:04', '2023-12-30', 10),
(523, '0xa6', 73, 70, 70.0, '18:34:04', '2023-12-30', 10),
(524, '0xa6', 78, 70, 70.0, '18:34:04', '2023-12-30', 10),
(525, '0xa6', 80, 70, 70.0, '18:34:04', '2023-12-30', 10),
(526, '0xa6', 70, 70, 70.0, '19:15:54', '2023-12-30', 10),
(527, '0xa6', 75, 70, 70.0, '19:15:54', '2023-12-30', 10),
(528, '0xa6', 73, 70, 70.0, '19:15:54', '2023-12-30', 10),
(529, '0xa6', 78, 70, 70.0, '19:15:54', '2023-12-30', 10),
(530, '0xa6', 80, 70, 70.0, '19:15:54', '2023-12-30', 10),
(531, '0xa6', 70, 70, 70.0, '19:16:09', '2023-12-30', 10),
(532, '0xa6', 75, 70, 70.0, '19:16:09', '2023-12-30', 10),
(533, '0xa6', 73, 70, 70.0, '19:16:09', '2023-12-30', 10),
(534, '0xa6', 78, 70, 70.0, '19:16:09', '2023-12-30', 10),
(535, '0xa6', 80, 70, 70.0, '19:16:09', '2023-12-30', 10),
(536, '0xa6', 70, 70, 70.0, '19:16:44', '2023-12-30', 10),
(537, '0xa6', 75, 70, 70.0, '19:16:44', '2023-12-30', 10),
(538, '0xa6', 73, 70, 70.0, '19:16:44', '2023-12-30', 10),
(539, '0xa6', 78, 70, 70.0, '19:16:44', '2023-12-30', 10),
(540, '0xa6', 80, 70, 70.0, '19:16:44', '2023-12-30', 10),
(541, '0xa6', 70, 70, 70.0, '19:17:20', '2023-12-30', 10),
(542, '0xa6', 75, 70, 70.0, '19:17:20', '2023-12-30', 10),
(543, '0xa6', 73, 70, 70.0, '19:17:20', '2023-12-30', 10),
(544, '0xa6', 78, 70, 70.0, '19:17:20', '2023-12-30', 10),
(545, '0xa6', 80, 70, 70.0, '19:17:20', '2023-12-30', 10),
(546, '0xa6', 70, 70, 70.0, '19:17:35', '2023-12-30', 10),
(547, '0xa6', 75, 70, 70.0, '19:17:35', '2023-12-30', 10),
(548, '0xa6', 73, 70, 70.0, '19:17:35', '2023-12-30', 10),
(549, '0xa6', 78, 70, 70.0, '19:17:35', '2023-12-30', 10),
(550, '0xa6', 80, 70, 70.0, '19:17:35', '2023-12-30', 10),
(551, '0xa6', 70, 70, 70.0, '19:17:51', '2023-12-30', 10),
(552, '0xa6', 75, 70, 70.0, '19:17:51', '2023-12-30', 10),
(553, '0xa6', 73, 70, 70.0, '19:17:51', '2023-12-30', 10),
(554, '0xa6', 78, 70, 70.0, '19:17:51', '2023-12-30', 10),
(555, '0xa6', 80, 70, 70.0, '19:17:51', '2023-12-30', 10),
(556, '0xa6', 70, 70, 70.0, '19:18:06', '2023-12-30', 10),
(557, '0xa6', 75, 70, 70.0, '19:18:06', '2023-12-30', 10),
(558, '0xa6', 73, 70, 70.0, '19:18:06', '2023-12-30', 10),
(559, '0xa6', 78, 70, 70.0, '19:18:06', '2023-12-30', 10),
(560, '0xa6', 80, 70, 70.0, '19:18:06', '2023-12-30', 10),
(561, '0xa6', 70, 70, 70.0, '19:18:21', '2023-12-30', 10),
(562, '0xa6', 75, 70, 70.0, '19:18:21', '2023-12-30', 10),
(563, '0xa6', 73, 70, 70.0, '19:18:21', '2023-12-30', 10),
(564, '0xa6', 78, 70, 70.0, '19:18:21', '2023-12-30', 10),
(565, '0xa6', 80, 70, 70.0, '19:18:21', '2023-12-30', 10),
(566, '0xa6', 70, 70, 70.0, '19:18:37', '2023-12-30', 10),
(567, '0xa6', 75, 70, 70.0, '19:18:37', '2023-12-30', 10),
(568, '0xa6', 73, 70, 70.0, '19:18:37', '2023-12-30', 10),
(569, '0xa6', 78, 70, 70.0, '19:18:37', '2023-12-30', 10),
(570, '0xa6', 80, 70, 70.0, '19:18:37', '2023-12-30', 10),
(571, '0xa6', 70, 70, 70.0, '19:18:52', '2023-12-30', 10),
(572, '0xa6', 75, 70, 70.0, '19:18:52', '2023-12-30', 10),
(573, '0xa6', 73, 70, 70.0, '19:18:52', '2023-12-30', 10),
(574, '0xa6', 78, 70, 70.0, '19:18:52', '2023-12-30', 10),
(575, '0xa6', 80, 70, 70.0, '19:18:52', '2023-12-30', 10),
(576, '0xa6', 70, 70, 70.0, '19:19:03', '2023-12-30', 10),
(577, '0xa6', 75, 70, 70.0, '19:19:03', '2023-12-30', 10),
(578, '0xa6', 73, 70, 70.0, '19:19:03', '2023-12-30', 10),
(579, '0xa6', 78, 70, 70.0, '19:19:03', '2023-12-30', 10),
(580, '0xa6', 80, 70, 70.0, '19:19:03', '2023-12-30', 10),
(581, '0xa6', 70, 70, 70.0, '19:19:13', '2023-12-30', 10),
(582, '0xa6', 75, 70, 70.0, '19:19:13', '2023-12-30', 10),
(583, '0xa6', 73, 70, 70.0, '19:19:13', '2023-12-30', 10),
(584, '0xa6', 78, 70, 70.0, '19:19:13', '2023-12-30', 10),
(585, '0xa6', 80, 70, 70.0, '19:19:13', '2023-12-30', 10),
(586, '0xa6', 70, 70, 70.0, '19:19:58', '2023-12-30', 10),
(587, '0xa6', 75, 70, 70.0, '19:19:58', '2023-12-30', 10),
(588, '0xa6', 73, 70, 70.0, '19:19:58', '2023-12-30', 10),
(589, '0xa6', 78, 70, 70.0, '19:19:58', '2023-12-30', 10),
(590, '0xa6', 80, 70, 70.0, '19:19:58', '2023-12-30', 10),
(591, '0xa6', 70, 70, 70.0, '19:36:49', '2023-12-30', 10),
(592, '0xa6', 75, 70, 70.0, '19:36:49', '2023-12-30', 10),
(593, '0xa6', 73, 70, 70.0, '19:36:49', '2023-12-30', 10),
(594, '0xa6', 78, 70, 70.0, '19:36:49', '2023-12-30', 10),
(595, '0xa6', 80, 70, 70.0, '19:36:49', '2023-12-30', 10),
(596, '0xa6', 70, 70, 70.0, '19:37:05', '2023-12-30', 10),
(597, '0xa6', 75, 70, 70.0, '19:37:05', '2023-12-30', 10),
(598, '0xa6', 73, 70, 70.0, '19:37:05', '2023-12-30', 10),
(599, '0xa6', 78, 70, 70.0, '19:37:05', '2023-12-30', 10),
(600, '0xa6', 80, 70, 70.0, '19:37:05', '2023-12-30', 10),
(601, '0xa6', 70, 70, 70.0, '19:37:20', '2023-12-30', 10),
(602, '0xa6', 75, 70, 70.0, '19:37:20', '2023-12-30', 10),
(603, '0xa6', 73, 70, 70.0, '19:37:20', '2023-12-30', 10),
(604, '0xa6', 78, 70, 70.0, '19:37:20', '2023-12-30', 10),
(605, '0xa6', 80, 70, 70.0, '19:37:20', '2023-12-30', 10),
(606, '0xa6', 70, 70, 70.0, '19:37:48', '2023-12-30', 10),
(607, '0xa6', 75, 70, 70.0, '19:37:48', '2023-12-30', 10),
(608, '0xa6', 73, 70, 70.0, '19:37:48', '2023-12-30', 10),
(609, '0xa6', 78, 70, 70.0, '19:37:48', '2023-12-30', 10),
(610, '0xa6', 80, 70, 70.0, '19:37:48', '2023-12-30', 10),
(611, '0xa6', 70, 70, 70.0, '19:38:03', '2023-12-30', 10),
(612, '0xa6', 75, 70, 70.0, '19:38:03', '2023-12-30', 10),
(613, '0xa6', 73, 70, 70.0, '19:38:03', '2023-12-30', 10),
(614, '0xa6', 78, 70, 70.0, '19:38:03', '2023-12-30', 10),
(615, '0xa6', 80, 70, 70.0, '19:38:03', '2023-12-30', 10),
(616, '0xa6', 70, 70, 70.0, '19:38:19', '2023-12-30', 10),
(617, '0xa6', 75, 70, 70.0, '19:38:19', '2023-12-30', 10),
(618, '0xa6', 73, 70, 70.0, '19:38:19', '2023-12-30', 10),
(619, '0xa6', 78, 70, 70.0, '19:38:19', '2023-12-30', 10),
(620, '0xa6', 80, 70, 70.0, '19:38:19', '2023-12-30', 10),
(621, '0xa6', 70, 70, 70.0, '19:38:35', '2023-12-30', 10),
(622, '0xa6', 75, 70, 70.0, '19:38:35', '2023-12-30', 10),
(623, '0xa6', 73, 70, 70.0, '19:38:35', '2023-12-30', 10),
(624, '0xa6', 78, 70, 70.0, '19:38:35', '2023-12-30', 10),
(625, '0xa6', 80, 70, 70.0, '19:38:35', '2023-12-30', 10),
(626, '0xa6', 70, 70, 70.0, '19:38:50', '2023-12-30', 10),
(627, '0xa6', 75, 70, 70.0, '19:38:50', '2023-12-30', 10),
(628, '0xa6', 73, 70, 70.0, '19:38:50', '2023-12-30', 10),
(629, '0xa6', 78, 70, 70.0, '19:38:50', '2023-12-30', 10),
(630, '0xa6', 80, 70, 70.0, '19:38:50', '2023-12-30', 10),
(631, '0xa6', 70, 70, 70.0, '19:38:56', '2023-12-30', 10),
(632, '0xa6', 75, 70, 70.0, '19:38:56', '2023-12-30', 10),
(633, '0xa6', 73, 70, 70.0, '19:38:56', '2023-12-30', 10),
(634, '0xa6', 78, 70, 70.0, '19:38:56', '2023-12-30', 10),
(635, '0xa6', 80, 70, 70.0, '19:38:56', '2023-12-30', 10),
(636, '0xa6', 70, 70, 70.0, '19:39:11', '2023-12-30', 10),
(637, '0xa6', 75, 70, 70.0, '19:39:11', '2023-12-30', 10),
(638, '0xa6', 73, 70, 70.0, '19:39:11', '2023-12-30', 10),
(639, '0xa6', 78, 70, 70.0, '19:39:11', '2023-12-30', 10),
(640, '0xa6', 80, 70, 70.0, '19:39:11', '2023-12-30', 10),
(641, '0xa6', 70, 70, 70.0, '19:39:26', '2023-12-30', 10),
(642, '0xa6', 75, 70, 70.0, '19:39:26', '2023-12-30', 10),
(643, '0xa6', 73, 70, 70.0, '19:39:26', '2023-12-30', 10),
(644, '0xa6', 78, 70, 70.0, '19:39:26', '2023-12-30', 10),
(645, '0xa6', 80, 70, 70.0, '19:39:26', '2023-12-30', 10),
(646, '0xa6', 70, 70, 70.0, '19:39:31', '2023-12-30', 10),
(647, '0xa6', 75, 70, 70.0, '19:39:31', '2023-12-30', 10),
(648, '0xa6', 73, 70, 70.0, '19:39:31', '2023-12-30', 10),
(649, '0xa6', 78, 70, 70.0, '19:39:31', '2023-12-30', 10),
(650, '0xa6', 80, 70, 70.0, '19:39:31', '2023-12-30', 10),
(651, '0xa6', 70, 70, 70.0, '19:39:42', '2023-12-30', 10),
(652, '0xa6', 75, 70, 70.0, '19:39:42', '2023-12-30', 10),
(653, '0xa6', 73, 70, 70.0, '19:39:42', '2023-12-30', 10),
(654, '0xa6', 78, 70, 70.0, '19:39:42', '2023-12-30', 10),
(655, '0xa6', 80, 70, 70.0, '19:39:42', '2023-12-30', 10),
(656, '0xa6', 70, 70, 70.0, '19:40:08', '2023-12-30', 10),
(657, '0xa6', 75, 70, 70.0, '19:40:08', '2023-12-30', 10),
(658, '0xa6', 73, 70, 70.0, '19:40:08', '2023-12-30', 10),
(659, '0xa6', 78, 70, 70.0, '19:40:08', '2023-12-30', 10),
(660, '0xa6', 80, 70, 70.0, '19:40:08', '2023-12-30', 10),
(661, '0xa6', 70, 70, 70.0, '19:40:23', '2023-12-30', 10),
(662, '0xa6', 75, 70, 70.0, '19:40:23', '2023-12-30', 10),
(663, '0xa6', 73, 70, 70.0, '19:40:23', '2023-12-30', 10),
(664, '0xa6', 78, 70, 70.0, '19:40:23', '2023-12-30', 10),
(665, '0xa6', 80, 70, 70.0, '19:40:23', '2023-12-30', 10),
(666, '0xa6', 70, 70, 70.0, '19:40:29', '2023-12-30', 10),
(667, '0xa6', 75, 70, 70.0, '19:40:29', '2023-12-30', 10),
(668, '0xa6', 73, 70, 70.0, '19:40:29', '2023-12-30', 10),
(669, '0xa6', 78, 70, 70.0, '19:40:29', '2023-12-30', 10),
(670, '0xa6', 80, 70, 70.0, '19:40:29', '2023-12-30', 10),
(671, '0xa6', 70, 70, 70.0, '19:40:54', '2023-12-30', 10),
(672, '0xa6', 75, 70, 70.0, '19:40:54', '2023-12-30', 10),
(673, '0xa6', 73, 70, 70.0, '19:40:54', '2023-12-30', 10),
(674, '0xa6', 78, 70, 70.0, '19:40:54', '2023-12-30', 10),
(675, '0xa6', 80, 70, 70.0, '19:40:54', '2023-12-30', 10),
(676, '0xa6', 70, 70, 70.0, '19:41:10', '2023-12-30', 10),
(677, '0xa6', 75, 70, 70.0, '19:41:10', '2023-12-30', 10),
(678, '0xa6', 73, 70, 70.0, '19:41:10', '2023-12-30', 10),
(679, '0xa6', 78, 70, 70.0, '19:41:10', '2023-12-30', 10),
(680, '0xa6', 80, 70, 70.0, '19:41:10', '2023-12-30', 10),
(681, '0xa6', 70, 70, 70.0, '19:41:25', '2023-12-30', 10),
(682, '0xa6', 75, 70, 70.0, '19:41:25', '2023-12-30', 10),
(683, '0xa6', 73, 70, 70.0, '19:41:25', '2023-12-30', 10),
(684, '0xa6', 78, 70, 70.0, '19:41:25', '2023-12-30', 10),
(685, '0xa6', 80, 70, 70.0, '19:41:25', '2023-12-30', 10),
(686, '0xa6', 70, 70, 70.0, '19:54:13', '2023-12-30', 10),
(687, '0xa6', 75, 70, 70.0, '19:54:13', '2023-12-30', 10),
(688, '0xa6', 73, 70, 70.0, '19:54:13', '2023-12-30', 10),
(689, '0xa6', 78, 70, 70.0, '19:54:13', '2023-12-30', 10),
(690, '0xa6', 80, 70, 70.0, '19:54:13', '2023-12-30', 10),
(691, '0xa6', 70, 70, 70.0, '19:54:23', '2023-12-30', 10),
(692, '0xa6', 75, 70, 70.0, '19:54:23', '2023-12-30', 10),
(693, '0xa6', 73, 70, 70.0, '19:54:23', '2023-12-30', 10),
(694, '0xa6', 78, 70, 70.0, '19:54:23', '2023-12-30', 10),
(695, '0xa6', 80, 70, 70.0, '19:54:23', '2023-12-30', 10),
(696, '0xa6', 70, 70, 70.0, '19:54:39', '2023-12-30', 10),
(697, '0xa6', 75, 70, 70.0, '19:54:39', '2023-12-30', 10),
(698, '0xa6', 73, 70, 70.0, '19:54:39', '2023-12-30', 10),
(699, '0xa6', 78, 70, 70.0, '19:54:39', '2023-12-30', 10),
(700, '0xa6', 80, 70, 70.0, '19:54:39', '2023-12-30', 10),
(701, '0xa6', 70, 70, 70.0, '19:55:00', '2023-12-30', 10),
(702, '0xa6', 75, 70, 70.0, '19:55:00', '2023-12-30', 10),
(703, '0xa6', 73, 70, 70.0, '19:55:00', '2023-12-30', 10),
(704, '0xa6', 78, 70, 70.0, '19:55:00', '2023-12-30', 10),
(705, '0xa6', 80, 70, 70.0, '19:55:00', '2023-12-30', 10),
(706, '0xa6', 70, 70, 70.0, '19:55:10', '2023-12-30', 10),
(707, '0xa6', 75, 70, 70.0, '19:55:10', '2023-12-30', 10),
(708, '0xa6', 73, 70, 70.0, '19:55:10', '2023-12-30', 10),
(709, '0xa6', 78, 70, 70.0, '19:55:10', '2023-12-30', 10),
(710, '0xa6', 80, 70, 70.0, '19:55:10', '2023-12-30', 10),
(711, '0xa6', 70, 70, 70.0, '19:55:16', '2023-12-30', 10),
(712, '0xa6', 75, 70, 70.0, '19:55:16', '2023-12-30', 10),
(713, '0xa6', 73, 70, 70.0, '19:55:16', '2023-12-30', 10),
(714, '0xa6', 78, 70, 70.0, '19:55:16', '2023-12-30', 10),
(715, '0xa6', 80, 70, 70.0, '19:55:16', '2023-12-30', 10),
(716, '0xa6', 70, 70, 70.0, '19:55:21', '2023-12-30', 10),
(717, '0xa6', 75, 70, 70.0, '19:55:21', '2023-12-30', 10),
(718, '0xa6', 73, 70, 70.0, '19:55:21', '2023-12-30', 10),
(719, '0xa6', 78, 70, 70.0, '19:55:21', '2023-12-30', 10),
(720, '0xa6', 80, 70, 70.0, '19:55:21', '2023-12-30', 10),
(721, '0xa6', 70, 70, 70.0, '19:55:27', '2023-12-30', 10),
(722, '0xa6', 75, 70, 70.0, '19:55:27', '2023-12-30', 10),
(723, '0xa6', 73, 70, 70.0, '19:55:27', '2023-12-30', 10),
(724, '0xa6', 78, 70, 70.0, '19:55:27', '2023-12-30', 10),
(725, '0xa6', 80, 70, 70.0, '19:55:27', '2023-12-30', 10),
(726, '0xa6', 70, 70, 70.0, '19:55:43', '2023-12-30', 10),
(727, '0xa6', 75, 70, 70.0, '19:55:43', '2023-12-30', 10),
(728, '0xa6', 73, 70, 70.0, '19:55:43', '2023-12-30', 10),
(729, '0xa6', 78, 70, 70.0, '19:55:43', '2023-12-30', 10),
(730, '0xa6', 80, 70, 70.0, '19:55:43', '2023-12-30', 10),
(731, '0xa6', 70, 70, 70.0, '19:56:18', '2023-12-30', 10),
(732, '0xa6', 75, 70, 70.0, '19:56:18', '2023-12-30', 10),
(733, '0xa6', 73, 70, 70.0, '19:56:18', '2023-12-30', 10),
(734, '0xa6', 78, 70, 70.0, '19:56:18', '2023-12-30', 10),
(735, '0xa6', 80, 70, 70.0, '19:56:18', '2023-12-30', 10),
(736, '0xa6', 70, 70, 70.0, '19:56:29', '2023-12-30', 10),
(737, '0xa6', 75, 70, 70.0, '19:56:29', '2023-12-30', 10),
(738, '0xa6', 73, 70, 70.0, '19:56:29', '2023-12-30', 10),
(739, '0xa6', 78, 70, 70.0, '19:56:29', '2023-12-30', 10),
(740, '0xa6', 80, 70, 70.0, '19:56:29', '2023-12-30', 10),
(741, '0xa6', 70, 70, 70.0, '19:56:39', '2023-12-30', 10),
(742, '0xa6', 75, 70, 70.0, '19:56:39', '2023-12-30', 10),
(743, '0xa6', 73, 70, 70.0, '19:56:39', '2023-12-30', 10),
(744, '0xa6', 78, 70, 70.0, '19:56:39', '2023-12-30', 10),
(745, '0xa6', 80, 70, 70.0, '19:56:40', '2023-12-30', 10),
(746, '0xa6', 70, 70, 70.0, '20:00:19', '2023-12-30', 10),
(747, '0xa6', 75, 70, 70.0, '20:00:19', '2023-12-30', 10),
(748, '0xa6', 73, 70, 70.0, '20:00:19', '2023-12-30', 10),
(749, '0xa6', 78, 70, 70.0, '20:00:19', '2023-12-30', 10),
(750, '0xa6', 80, 70, 70.0, '20:00:19', '2023-12-30', 10),
(751, '0xa6', 70, 70, 70.0, '20:00:24', '2023-12-30', 10),
(752, '0xa6', 75, 70, 70.0, '20:00:24', '2023-12-30', 10),
(753, '0xa6', 73, 70, 70.0, '20:00:24', '2023-12-30', 10),
(754, '0xa6', 78, 70, 70.0, '20:00:24', '2023-12-30', 10),
(755, '0xa6', 80, 70, 70.0, '20:00:24', '2023-12-30', 10),
(756, '0xa6', 70, 70, 70.0, '20:00:39', '2023-12-30', 10),
(757, '0xa6', 75, 70, 70.0, '20:00:39', '2023-12-30', 10),
(758, '0xa6', 73, 70, 70.0, '20:00:39', '2023-12-30', 10),
(759, '0xa6', 78, 70, 70.0, '20:00:39', '2023-12-30', 10),
(760, '0xa6', 80, 70, 70.0, '20:00:39', '2023-12-30', 10),
(761, '0xa6', 70, 70, 70.0, '20:00:45', '2023-12-30', 10),
(762, '0xa6', 75, 70, 70.0, '20:00:45', '2023-12-30', 10),
(763, '0xa6', 73, 70, 70.0, '20:00:45', '2023-12-30', 10),
(764, '0xa6', 78, 70, 70.0, '20:00:45', '2023-12-30', 10),
(765, '0xa6', 80, 70, 70.0, '20:00:45', '2023-12-30', 10),
(766, '0xa6', 70, 70, 70.0, '20:00:50', '2023-12-30', 10),
(767, '0xa6', 75, 70, 70.0, '20:00:50', '2023-12-30', 10),
(768, '0xa6', 73, 70, 70.0, '20:00:50', '2023-12-30', 10),
(769, '0xa6', 78, 70, 70.0, '20:00:50', '2023-12-30', 10),
(770, '0xa6', 80, 70, 70.0, '20:00:50', '2023-12-30', 10),
(771, '0xa6', 70, 70, 70.0, '20:01:01', '2023-12-30', 10),
(772, '0xa6', 75, 70, 70.0, '20:01:01', '2023-12-30', 10),
(773, '0xa6', 73, 70, 70.0, '20:01:01', '2023-12-30', 10),
(774, '0xa6', 78, 70, 70.0, '20:01:01', '2023-12-30', 10),
(775, '0xa6', 80, 70, 70.0, '20:01:01', '2023-12-30', 10),
(776, '0xa6', 70, 70, 70.0, '20:02:28', '2023-12-30', 10),
(777, '0xa6', 75, 70, 70.0, '20:02:28', '2023-12-30', 10),
(778, '0xa6', 73, 70, 70.0, '20:02:28', '2023-12-30', 10),
(779, '0xa6', 78, 70, 70.0, '20:02:28', '2023-12-30', 10),
(780, '0xa6', 80, 70, 70.0, '20:02:28', '2023-12-30', 10),
(781, '0xa6', 70, 70, 70.0, '20:02:34', '2023-12-30', 10),
(782, '0xa6', 75, 70, 70.0, '20:02:34', '2023-12-30', 10),
(783, '0xa6', 73, 70, 70.0, '20:02:34', '2023-12-30', 10),
(784, '0xa6', 78, 70, 70.0, '20:02:34', '2023-12-30', 10),
(785, '0xa6', 80, 70, 70.0, '20:02:34', '2023-12-30', 10),
(786, '0xa6', 70, 70, 70.0, '20:03:09', '2023-12-30', 10),
(787, '0xa6', 75, 70, 70.0, '20:03:09', '2023-12-30', 10),
(788, '0xa6', 73, 70, 70.0, '20:03:09', '2023-12-30', 10),
(789, '0xa6', 78, 70, 70.0, '20:03:09', '2023-12-30', 10),
(790, '0xa6', 80, 70, 70.0, '20:03:09', '2023-12-30', 10),
(791, '0xa6', 70, 70, 70.0, '20:03:24', '2023-12-30', 10),
(792, '0xa6', 75, 70, 70.0, '20:03:24', '2023-12-30', 10),
(793, '0xa6', 73, 70, 70.0, '20:03:24', '2023-12-30', 10),
(794, '0xa6', 78, 70, 70.0, '20:03:24', '2023-12-30', 10),
(795, '0xa6', 80, 70, 70.0, '20:03:24', '2023-12-30', 10),
(796, '0xa6', 70, 70, 70.0, '20:03:40', '2023-12-30', 10),
(797, '0xa6', 75, 70, 70.0, '20:03:40', '2023-12-30', 10),
(798, '0xa6', 73, 70, 70.0, '20:03:40', '2023-12-30', 10),
(799, '0xa6', 78, 70, 70.0, '20:03:40', '2023-12-30', 10),
(800, '0xa6', 80, 70, 70.0, '20:03:40', '2023-12-30', 10),
(801, '0xa6', 70, 70, 70.0, '20:03:45', '2023-12-30', 10),
(802, '0xa6', 75, 70, 70.0, '20:03:45', '2023-12-30', 10),
(803, '0xa6', 73, 70, 70.0, '20:03:45', '2023-12-30', 10),
(804, '0xa6', 78, 70, 70.0, '20:03:45', '2023-12-30', 10),
(805, '0xa6', 80, 70, 70.0, '20:03:45', '2023-12-30', 10),
(806, '0xa6', 70, 70, 70.0, '20:04:00', '2023-12-30', 10),
(807, '0xa6', 75, 70, 70.0, '20:04:00', '2023-12-30', 10),
(808, '0xa6', 73, 70, 70.0, '20:04:00', '2023-12-30', 10),
(809, '0xa6', 78, 70, 70.0, '20:04:00', '2023-12-30', 10),
(810, '0xa6', 80, 70, 70.0, '20:04:00', '2023-12-30', 10),
(811, '0xa6', 70, 70, 70.0, '20:04:11', '2023-12-30', 10),
(812, '0xa6', 75, 70, 70.0, '20:04:11', '2023-12-30', 10),
(813, '0xa6', 73, 70, 70.0, '20:04:11', '2023-12-30', 10),
(814, '0xa6', 78, 70, 70.0, '20:04:11', '2023-12-30', 10),
(815, '0xa6', 80, 70, 70.0, '20:04:11', '2023-12-30', 10),
(816, '0xa6', 70, 70, 70.0, '20:10:52', '2023-12-30', 10),
(817, '0xa6', 75, 70, 70.0, '20:10:52', '2023-12-30', 10),
(818, '0xa6', 73, 70, 70.0, '20:10:52', '2023-12-30', 10),
(819, '0xa6', 78, 70, 70.0, '20:10:52', '2023-12-30', 10),
(820, '0xa6', 80, 70, 70.0, '20:10:52', '2023-12-30', 10),
(821, '0xa6', 70, 70, 70.0, '20:11:27', '2023-12-30', 10),
(822, '0xa6', 75, 70, 70.0, '20:11:27', '2023-12-30', 10),
(823, '0xa6', 73, 70, 70.0, '20:11:27', '2023-12-30', 10),
(824, '0xa6', 78, 70, 70.0, '20:11:27', '2023-12-30', 10),
(825, '0xa6', 80, 70, 70.0, '20:11:27', '2023-12-30', 10),
(826, '0xa6', 70, 70, 70.0, '20:12:23', '2023-12-30', 10),
(827, '0xa6', 75, 70, 70.0, '20:12:23', '2023-12-30', 10),
(828, '0xa6', 73, 70, 70.0, '20:12:23', '2023-12-30', 10),
(829, '0xa6', 78, 70, 70.0, '20:12:23', '2023-12-30', 10),
(830, '0xa6', 80, 70, 70.0, '20:12:23', '2023-12-30', 10),
(831, '0xa6', 70, 70, 70.0, '20:12:38', '2023-12-30', 10),
(832, '0xa6', 75, 70, 70.0, '20:12:38', '2023-12-30', 10),
(833, '0xa6', 73, 70, 70.0, '20:12:38', '2023-12-30', 10),
(834, '0xa6', 78, 70, 70.0, '20:12:38', '2023-12-30', 10),
(835, '0xa6', 80, 70, 70.0, '20:12:38', '2023-12-30', 10),
(836, '0xa6', 70, 70, 70.0, '20:12:53', '2023-12-30', 10),
(837, '0xa6', 75, 70, 70.0, '20:12:53', '2023-12-30', 10),
(838, '0xa6', 73, 70, 70.0, '20:12:53', '2023-12-30', 10),
(839, '0xa6', 78, 70, 70.0, '20:12:53', '2023-12-30', 10),
(840, '0xa6', 80, 70, 70.0, '20:12:53', '2023-12-30', 10),
(841, '0xa6', 70, 70, 70.0, '20:13:54', '2023-12-30', 10),
(842, '0xa6', 75, 70, 70.0, '20:13:54', '2023-12-30', 10),
(843, '0xa6', 73, 70, 70.0, '20:13:54', '2023-12-30', 10),
(844, '0xa6', 78, 70, 70.0, '20:13:54', '2023-12-30', 10),
(845, '0xa6', 80, 70, 70.0, '20:13:54', '2023-12-30', 10),
(846, '0xa6', 70, 70, 70.0, '20:14:09', '2023-12-30', 10),
(847, '0xa6', 75, 70, 70.0, '20:14:09', '2023-12-30', 10),
(848, '0xa6', 73, 70, 70.0, '20:14:09', '2023-12-30', 10),
(849, '0xa6', 78, 70, 70.0, '20:14:09', '2023-12-30', 10),
(850, '0xa6', 80, 70, 70.0, '20:14:09', '2023-12-30', 10),
(851, '0xa6', 70, 70, 70.0, '20:14:24', '2023-12-30', 10),
(852, '0xa6', 75, 70, 70.0, '20:14:24', '2023-12-30', 10),
(853, '0xa6', 73, 70, 70.0, '20:14:24', '2023-12-30', 10),
(854, '0xa6', 78, 70, 70.0, '20:14:24', '2023-12-30', 10),
(855, '0xa6', 80, 70, 70.0, '20:14:24', '2023-12-30', 10),
(856, '0xa6', 70, 70, 70.0, '20:14:35', '2023-12-30', 10),
(857, '0xa6', 75, 70, 70.0, '20:14:35', '2023-12-30', 10),
(858, '0xa6', 73, 70, 70.0, '20:14:35', '2023-12-30', 10),
(859, '0xa6', 78, 70, 70.0, '20:14:35', '2023-12-30', 10),
(860, '0xa6', 80, 70, 70.0, '20:14:35', '2023-12-30', 10),
(861, '0xa6', 70, 70, 70.0, '20:15:26', '2023-12-30', 10),
(862, '0xa6', 75, 70, 70.0, '20:15:26', '2023-12-30', 10),
(863, '0xa6', 73, 70, 70.0, '20:15:26', '2023-12-30', 10),
(864, '0xa6', 78, 70, 70.0, '20:15:26', '2023-12-30', 10),
(865, '0xa6', 80, 70, 70.0, '20:15:26', '2023-12-30', 10),
(866, '0xa8', 90, 92, 34.0, '00:00:00', '2023-12-31', 11),
(867, '0xa8', 90, 92, 34.0, '02:22:00', '2023-12-31', 11),
(868, '0xa7', 70, 70, 70.0, '09:47:31', '2023-12-31', 9),
(869, '0xa7', 75, 70, 70.0, '09:47:31', '2023-12-31', 9),
(870, '0xa7', 73, 70, 70.0, '09:47:31', '2023-12-31', 9),
(871, '0xa7', 78, 70, 70.0, '09:47:31', '2023-12-31', 9),
(872, '0xa7', 80, 70, 70.0, '09:47:31', '2023-12-31', 9),
(873, '0xa7', 70, 70, 70.0, '09:47:36', '2023-12-31', 9),
(874, '0xa7', 75, 70, 70.0, '09:47:36', '2023-12-31', 9),
(875, '0xa7', 73, 70, 70.0, '09:47:36', '2023-12-31', 9),
(876, '0xa7', 78, 70, 70.0, '09:47:36', '2023-12-31', 9),
(877, '0xa7', 80, 70, 70.0, '09:47:36', '2023-12-31', 9),
(878, '0xa7', 70, 70, 70.0, '09:48:02', '2023-12-31', 9),
(879, '0xa7', 75, 70, 70.0, '09:48:02', '2023-12-31', 9),
(880, '0xa7', 73, 70, 70.0, '09:48:02', '2023-12-31', 9),
(881, '0xa7', 78, 70, 70.0, '09:48:02', '2023-12-31', 9),
(882, '0xa7', 80, 70, 70.0, '09:48:02', '2023-12-31', 9),
(883, '0xa7', 70, 70, 70.0, '09:48:48', '2023-12-31', 9),
(884, '0xa7', 75, 70, 70.0, '09:48:48', '2023-12-31', 9),
(885, '0xa7', 73, 70, 70.0, '09:48:48', '2023-12-31', 9),
(886, '0xa7', 78, 70, 70.0, '09:48:48', '2023-12-31', 9),
(887, '0xa7', 80, 70, 70.0, '09:48:48', '2023-12-31', 9),
(888, '0xa7', 70, 70, 70.0, '09:49:03', '2023-12-31', 9),
(889, '0xa7', 75, 70, 70.0, '09:49:03', '2023-12-31', 9),
(890, '0xa7', 73, 70, 70.0, '09:49:03', '2023-12-31', 9),
(891, '0xa7', 78, 70, 70.0, '09:49:03', '2023-12-31', 9),
(892, '0xa7', 80, 70, 70.0, '09:49:03', '2023-12-31', 9),
(893, '0xa7', 70, 70, 70.0, '09:49:28', '2023-12-31', 9),
(894, '0xa7', 75, 70, 70.0, '09:49:28', '2023-12-31', 9),
(895, '0xa7', 73, 70, 70.0, '09:49:28', '2023-12-31', 9),
(896, '0xa7', 78, 70, 70.0, '09:49:28', '2023-12-31', 9),
(897, '0xa7', 80, 70, 70.0, '09:49:28', '2023-12-31', 9),
(898, '0xa7', 70, 70, 70.0, '09:49:44', '2023-12-31', 9),
(899, '0xa7', 75, 70, 70.0, '09:49:44', '2023-12-31', 9),
(900, '0xa7', 73, 70, 70.0, '09:49:44', '2023-12-31', 9),
(901, '0xa7', 78, 70, 70.0, '09:49:44', '2023-12-31', 9),
(902, '0xa7', 80, 70, 70.0, '09:49:44', '2023-12-31', 9),
(903, '0xa7', 70, 70, 70.0, '09:49:59', '2023-12-31', 9),
(904, '0xa7', 75, 70, 70.0, '09:49:59', '2023-12-31', 9),
(905, '0xa7', 73, 70, 70.0, '09:49:59', '2023-12-31', 9),
(906, '0xa7', 78, 70, 70.0, '09:49:59', '2023-12-31', 9),
(907, '0xa7', 80, 70, 70.0, '09:49:59', '2023-12-31', 9),
(908, '0xa7', 70, 70, 70.0, '09:50:15', '2023-12-31', 9),
(909, '0xa7', 75, 70, 70.0, '09:50:15', '2023-12-31', 9),
(910, '0xa7', 73, 70, 70.0, '09:50:15', '2023-12-31', 9),
(911, '0xa7', 78, 70, 70.0, '09:50:15', '2023-12-31', 9),
(912, '0xa7', 80, 70, 70.0, '09:50:15', '2023-12-31', 9),
(913, '0xa7', 70, 70, 70.0, '09:50:21', '2023-12-31', 9),
(914, '0xa7', 75, 70, 70.0, '09:50:21', '2023-12-31', 9),
(915, '0xa7', 73, 70, 70.0, '09:50:21', '2023-12-31', 9),
(916, '0xa7', 78, 70, 70.0, '09:50:21', '2023-12-31', 9),
(917, '0xa7', 80, 70, 70.0, '09:50:21', '2023-12-31', 9),
(918, '0xa7', 70, 70, 70.0, '09:50:31', '2023-12-31', 9),
(919, '0xa7', 75, 70, 70.0, '09:50:31', '2023-12-31', 9),
(920, '0xa7', 73, 70, 70.0, '09:50:31', '2023-12-31', 9),
(921, '0xa7', 78, 70, 70.0, '09:50:31', '2023-12-31', 9),
(922, '0xa7', 80, 70, 70.0, '09:50:31', '2023-12-31', 9),
(923, '0xa7', 70, 70, 70.0, '09:50:46', '2023-12-31', 9),
(924, '0xa7', 75, 70, 70.0, '09:50:46', '2023-12-31', 9),
(925, '0xa7', 73, 70, 70.0, '09:50:46', '2023-12-31', 9),
(926, '0xa7', 78, 70, 70.0, '09:50:46', '2023-12-31', 9),
(927, '0xa7', 80, 70, 70.0, '09:50:46', '2023-12-31', 9),
(928, '0xa7', 70, 70, 70.0, '09:51:11', '2023-12-31', 9),
(929, '0xa7', 75, 70, 70.0, '09:51:11', '2023-12-31', 9),
(930, '0xa7', 73, 70, 70.0, '09:51:11', '2023-12-31', 9),
(931, '0xa7', 78, 70, 70.0, '09:51:11', '2023-12-31', 9),
(932, '0xa7', 80, 70, 70.0, '09:51:11', '2023-12-31', 9),
(933, '0xa7', 70, 70, 70.0, '09:51:17', '2023-12-31', 9),
(934, '0xa7', 75, 70, 70.0, '09:51:17', '2023-12-31', 9),
(935, '0xa7', 73, 70, 70.0, '09:51:17', '2023-12-31', 9),
(936, '0xa7', 78, 70, 70.0, '09:51:17', '2023-12-31', 9),
(937, '0xa7', 80, 70, 70.0, '09:51:17', '2023-12-31', 9),
(938, '0xa7', 70, 70, 70.0, '09:51:37', '2023-12-31', 9),
(939, '0xa7', 75, 70, 70.0, '09:51:37', '2023-12-31', 9),
(940, '0xa7', 73, 70, 70.0, '09:51:37', '2023-12-31', 9),
(941, '0xa7', 78, 70, 70.0, '09:51:37', '2023-12-31', 9),
(942, '0xa7', 80, 70, 70.0, '09:51:37', '2023-12-31', 9),
(943, '0xa7', 70, 70, 70.0, '09:52:13', '2023-12-31', 9),
(944, '0xa7', 75, 70, 70.0, '09:52:13', '2023-12-31', 9),
(945, '0xa7', 73, 70, 70.0, '09:52:13', '2023-12-31', 9),
(946, '0xa7', 78, 70, 70.0, '09:52:13', '2023-12-31', 9),
(947, '0xa7', 80, 70, 70.0, '09:52:13', '2023-12-31', 9),
(948, '0xa7', 70, 70, 70.0, '09:52:23', '2023-12-31', 9),
(949, '0xa7', 75, 70, 70.0, '09:52:23', '2023-12-31', 9),
(950, '0xa7', 73, 70, 70.0, '09:52:23', '2023-12-31', 9),
(951, '0xa7', 78, 70, 70.0, '09:52:23', '2023-12-31', 9),
(952, '0xa7', 80, 70, 70.0, '09:52:23', '2023-12-31', 9),
(953, '0xa7', 70, 70, 70.0, '09:52:34', '2023-12-31', 9),
(954, '0xa7', 75, 70, 70.0, '09:52:34', '2023-12-31', 9),
(955, '0xa7', 73, 70, 70.0, '09:52:34', '2023-12-31', 9),
(956, '0xa7', 78, 70, 70.0, '09:52:34', '2023-12-31', 9),
(957, '0xa7', 80, 70, 70.0, '09:52:34', '2023-12-31', 9),
(958, '0xa7', 70, 70, 70.0, '09:52:40', '2023-12-31', 9),
(959, '0xa7', 75, 70, 70.0, '09:52:40', '2023-12-31', 9),
(960, '0xa7', 73, 70, 70.0, '09:52:40', '2023-12-31', 9),
(961, '0xa7', 78, 70, 70.0, '09:52:40', '2023-12-31', 9),
(962, '0xa7', 80, 70, 70.0, '09:52:40', '2023-12-31', 9),
(963, '0xa7', 70, 70, 70.0, '09:52:45', '2023-12-31', 9),
(964, '0xa7', 75, 70, 70.0, '09:52:45', '2023-12-31', 9),
(965, '0xa7', 73, 70, 70.0, '09:52:45', '2023-12-31', 9),
(966, '0xa7', 78, 70, 70.0, '09:52:45', '2023-12-31', 9),
(967, '0xa7', 80, 70, 70.0, '09:52:45', '2023-12-31', 9),
(968, '0xa7', 70, 70, 70.0, '10:14:07', '2023-12-31', 9),
(969, '0xa7', 75, 70, 70.0, '10:14:07', '2023-12-31', 9),
(970, '0xa7', 73, 70, 70.0, '10:14:07', '2023-12-31', 9),
(971, '0xa7', 78, 70, 70.0, '10:14:07', '2023-12-31', 9),
(972, '0xa7', 80, 70, 70.0, '10:14:07', '2023-12-31', 9),
(973, '0xa7', 70, 70, 70.0, '10:14:12', '2023-12-31', 9),
(974, '0xa7', 75, 70, 70.0, '10:14:12', '2023-12-31', 9),
(975, '0xa7', 73, 70, 70.0, '10:14:12', '2023-12-31', 9),
(976, '0xa7', 78, 70, 70.0, '10:14:12', '2023-12-31', 9),
(977, '0xa7', 80, 70, 70.0, '10:14:12', '2023-12-31', 9),
(978, '0xa7', 70, 70, 70.0, '10:14:18', '2023-12-31', 9),
(979, '0xa7', 75, 70, 70.0, '10:14:18', '2023-12-31', 9),
(980, '0xa7', 73, 70, 70.0, '10:14:18', '2023-12-31', 9),
(981, '0xa7', 78, 70, 70.0, '10:14:18', '2023-12-31', 9),
(982, '0xa7', 80, 70, 70.0, '10:14:18', '2023-12-31', 9),
(983, '0xa5', 70, 70, 70.0, '10:20:29', '2023-12-31', 15),
(984, '0xa5', 75, 70, 70.0, '10:20:29', '2023-12-31', 15),
(985, '0xa5', 73, 70, 70.0, '10:20:29', '2023-12-31', 15),
(986, '0xa5', 78, 70, 70.0, '10:20:29', '2023-12-31', 15),
(987, '0xa5', 80, 70, 70.0, '10:20:29', '2023-12-31', 15),
(988, '0xa5', 70, 70, 70.0, '10:20:45', '2023-12-31', 15),
(989, '0xa5', 75, 70, 70.0, '10:20:45', '2023-12-31', 15),
(990, '0xa5', 73, 70, 70.0, '10:20:45', '2023-12-31', 15),
(991, '0xa5', 78, 70, 70.0, '10:20:45', '2023-12-31', 15),
(992, '0xa5', 80, 70, 70.0, '10:20:45', '2023-12-31', 15),
(993, '0xa5', 70, 70, 70.0, '10:21:00', '2023-12-31', 15),
(994, '0xa5', 75, 70, 70.0, '10:21:00', '2023-12-31', 15),
(995, '0xa5', 73, 70, 70.0, '10:21:00', '2023-12-31', 15),
(996, '0xa5', 78, 70, 70.0, '10:21:00', '2023-12-31', 15),
(997, '0xa5', 80, 70, 70.0, '10:21:00', '2023-12-31', 15),
(998, '0xa5', 70, 70, 70.0, '10:21:05', '2023-12-31', 15),
(999, '0xa5', 75, 70, 70.0, '10:21:05', '2023-12-31', 15),
(1000, '0xa5', 73, 70, 70.0, '10:21:05', '2023-12-31', 15),
(1001, '0xa5', 78, 70, 70.0, '10:21:05', '2023-12-31', 15),
(1002, '0xa5', 80, 70, 70.0, '10:21:05', '2023-12-31', 15),
(1003, '0xa5', 70, 70, 70.0, '10:21:25', '2023-12-31', 15),
(1004, '0xa5', 75, 70, 70.0, '10:21:25', '2023-12-31', 15),
(1005, '0xa5', 73, 70, 70.0, '10:21:25', '2023-12-31', 15),
(1006, '0xa5', 78, 70, 70.0, '10:21:25', '2023-12-31', 15),
(1007, '0xa5', 80, 70, 70.0, '10:21:25', '2023-12-31', 15),
(1008, '0xa5', 70, 70, 70.0, '10:21:51', '2023-12-31', 15),
(1009, '0xa5', 75, 70, 70.0, '10:21:51', '2023-12-31', 15),
(1010, '0xa5', 73, 70, 70.0, '10:21:51', '2023-12-31', 15),
(1011, '0xa5', 78, 70, 70.0, '10:21:51', '2023-12-31', 15),
(1012, '0xa5', 80, 70, 70.0, '10:21:51', '2023-12-31', 15),
(1013, '0xa5', 70, 70, 70.0, '10:22:07', '2023-12-31', 15),
(1014, '0xa5', 75, 70, 70.0, '10:22:07', '2023-12-31', 15),
(1015, '0xa5', 73, 70, 70.0, '10:22:07', '2023-12-31', 15),
(1016, '0xa5', 78, 70, 70.0, '10:22:07', '2023-12-31', 15),
(1017, '0xa5', 80, 70, 70.0, '10:22:07', '2023-12-31', 15),
(1018, '0xa5', 70, 70, 70.0, '10:22:28', '2023-12-31', 15),
(1019, '0xa5', 75, 70, 70.0, '10:22:28', '2023-12-31', 15),
(1020, '0xa5', 73, 70, 70.0, '10:22:28', '2023-12-31', 15),
(1021, '0xa5', 78, 70, 70.0, '10:22:28', '2023-12-31', 15),
(1022, '0xa5', 80, 70, 70.0, '10:22:28', '2023-12-31', 15),
(1023, '0xa5', 70, 70, 70.0, '10:22:38', '2023-12-31', 15),
(1024, '0xa5', 75, 70, 70.0, '10:22:38', '2023-12-31', 15),
(1025, '0xa5', 73, 70, 70.0, '10:22:38', '2023-12-31', 15),
(1026, '0xa5', 78, 70, 70.0, '10:22:38', '2023-12-31', 15),
(1027, '0xa5', 80, 70, 70.0, '10:22:38', '2023-12-31', 15),
(1028, '0xa5', 70, 70, 70.0, '10:23:14', '2023-12-31', 15),
(1029, '0xa5', 75, 70, 70.0, '10:23:14', '2023-12-31', 15),
(1030, '0xa5', 73, 70, 70.0, '10:23:14', '2023-12-31', 15),
(1031, '0xa5', 78, 70, 70.0, '10:23:14', '2023-12-31', 15),
(1032, '0xa5', 80, 70, 70.0, '10:23:14', '2023-12-31', 15),
(1033, '0xa5', 70, 70, 70.0, '10:23:54', '2023-12-31', 15),
(1034, '0xa5', 75, 70, 70.0, '10:23:54', '2023-12-31', 15),
(1035, '0xa5', 73, 70, 70.0, '10:23:54', '2023-12-31', 15),
(1036, '0xa5', 78, 70, 70.0, '10:23:54', '2023-12-31', 15),
(1037, '0xa5', 80, 70, 70.0, '10:23:54', '2023-12-31', 15),
(1038, '0xa5', 70, 70, 70.0, '10:24:10', '2023-12-31', 15),
(1039, '0xa5', 75, 70, 70.0, '10:24:10', '2023-12-31', 15),
(1040, '0xa5', 73, 70, 70.0, '10:24:10', '2023-12-31', 15),
(1041, '0xa5', 78, 70, 70.0, '10:24:10', '2023-12-31', 15),
(1042, '0xa5', 80, 70, 70.0, '10:24:10', '2023-12-31', 15),
(1043, '0xa5', 70, 70, 70.0, '10:24:55', '2023-12-31', 15),
(1044, '0xa5', 75, 70, 70.0, '10:24:55', '2023-12-31', 15),
(1045, '0xa5', 73, 70, 70.0, '10:24:55', '2023-12-31', 15),
(1046, '0xa5', 78, 70, 70.0, '10:24:55', '2023-12-31', 15),
(1047, '0xa5', 80, 70, 70.0, '10:24:55', '2023-12-31', 15),
(1048, '0xa5', 70, 70, 70.0, '10:25:10', '2023-12-31', 15),
(1049, '0xa5', 75, 70, 70.0, '10:25:10', '2023-12-31', 15),
(1050, '0xa5', 73, 70, 70.0, '10:25:10', '2023-12-31', 15),
(1051, '0xa5', 78, 70, 70.0, '10:25:10', '2023-12-31', 15),
(1052, '0xa5', 80, 70, 70.0, '10:25:10', '2023-12-31', 15),
(1053, '0xa5', 70, 70, 70.0, '10:37:17', '2023-12-31', 15),
(1054, '0xa5', 75, 70, 70.0, '10:37:17', '2023-12-31', 15),
(1055, '0xa5', 73, 70, 70.0, '10:37:17', '2023-12-31', 15),
(1056, '0xa5', 78, 70, 70.0, '10:37:17', '2023-12-31', 15),
(1057, '0xa5', 80, 70, 70.0, '10:37:17', '2023-12-31', 15),
(1058, '0xa5', 70, 70, 70.0, '10:37:32', '2023-12-31', 15),
(1059, '0xa5', 75, 70, 70.0, '10:37:32', '2023-12-31', 15),
(1060, '0xa5', 73, 70, 70.0, '10:37:32', '2023-12-31', 15),
(1061, '0xa5', 78, 70, 70.0, '10:37:32', '2023-12-31', 15),
(1062, '0xa5', 80, 70, 70.0, '10:37:32', '2023-12-31', 15),
(1063, '0xa5', 70, 70, 70.0, '10:37:47', '2023-12-31', 15),
(1064, '0xa5', 75, 70, 70.0, '10:37:47', '2023-12-31', 15),
(1065, '0xa5', 73, 70, 70.0, '10:37:47', '2023-12-31', 15),
(1066, '0xa5', 78, 70, 70.0, '10:37:47', '2023-12-31', 15),
(1067, '0xa5', 80, 70, 70.0, '10:37:47', '2023-12-31', 15),
(1068, '0xa5', 70, 70, 70.0, '10:38:22', '2023-12-31', 15),
(1069, '0xa5', 75, 70, 70.0, '10:38:22', '2023-12-31', 15),
(1070, '0xa5', 73, 70, 70.0, '10:38:22', '2023-12-31', 15),
(1071, '0xa5', 78, 70, 70.0, '10:38:22', '2023-12-31', 15),
(1072, '0xa5', 80, 70, 70.0, '10:38:22', '2023-12-31', 15),
(1073, '0xa5', 70, 70, 70.0, '10:38:28', '2023-12-31', 15),
(1074, '0xa5', 75, 70, 70.0, '10:38:28', '2023-12-31', 15),
(1075, '0xa5', 73, 70, 70.0, '10:38:28', '2023-12-31', 15),
(1076, '0xa5', 78, 70, 70.0, '10:38:28', '2023-12-31', 15),
(1077, '0xa5', 80, 70, 70.0, '10:38:28', '2023-12-31', 15),
(1078, '0xa5', 70, 70, 70.0, '10:38:34', '2023-12-31', 15),
(1079, '0xa5', 75, 70, 70.0, '10:38:34', '2023-12-31', 15),
(1080, '0xa5', 73, 70, 70.0, '10:38:34', '2023-12-31', 15),
(1081, '0xa5', 78, 70, 70.0, '10:38:34', '2023-12-31', 15),
(1082, '0xa5', 80, 70, 70.0, '10:38:34', '2023-12-31', 15),
(1083, '0xa5', 70, 70, 70.0, '10:40:04', '2023-12-31', 15),
(1084, '0xa5', 75, 70, 70.0, '10:40:04', '2023-12-31', 15),
(1085, '0xa5', 73, 70, 70.0, '10:40:04', '2023-12-31', 15),
(1086, '0xa5', 78, 70, 70.0, '10:40:04', '2023-12-31', 15),
(1087, '0xa5', 80, 70, 70.0, '10:40:04', '2023-12-31', 15),
(1088, '0xa5', 70, 70, 70.0, '10:40:09', '2023-12-31', 15),
(1089, '0xa5', 75, 70, 70.0, '10:40:09', '2023-12-31', 15),
(1090, '0xa5', 73, 70, 70.0, '10:40:09', '2023-12-31', 15),
(1091, '0xa5', 78, 70, 70.0, '10:40:09', '2023-12-31', 15),
(1092, '0xa5', 80, 70, 70.0, '10:40:09', '2023-12-31', 15),
(1093, '0xa5', 70, 70, 70.0, '10:41:25', '2023-12-31', 15),
(1094, '0xa5', 75, 70, 70.0, '10:41:25', '2023-12-31', 15),
(1095, '0xa5', 73, 70, 70.0, '10:41:25', '2023-12-31', 15),
(1096, '0xa5', 78, 70, 70.0, '10:41:25', '2023-12-31', 15),
(1097, '0xa5', 80, 70, 70.0, '10:41:25', '2023-12-31', 15),
(1098, '0xa5', 70, 70, 70.0, '10:41:55', '2023-12-31', 15),
(1099, '0xa5', 75, 70, 70.0, '10:41:55', '2023-12-31', 15),
(1100, '0xa5', 73, 70, 70.0, '10:41:55', '2023-12-31', 15),
(1101, '0xa5', 78, 70, 70.0, '10:41:55', '2023-12-31', 15),
(1102, '0xa5', 80, 70, 70.0, '10:41:55', '2023-12-31', 15),
(1103, '0xa5', 70, 70, 70.0, '10:43:20', '2023-12-31', 15),
(1104, '0xa5', 75, 70, 70.0, '10:43:21', '2023-12-31', 15),
(1105, '0xa5', 73, 70, 70.0, '10:43:21', '2023-12-31', 15),
(1106, '0xa5', 78, 70, 70.0, '10:43:21', '2023-12-31', 15),
(1107, '0xa5', 80, 70, 70.0, '10:43:21', '2023-12-31', 15),
(1108, '0xa5', 70, 70, 70.0, '10:44:52', '2023-12-31', 15),
(1109, '0xa5', 75, 70, 70.0, '10:44:52', '2023-12-31', 15),
(1110, '0xa5', 73, 70, 70.0, '10:44:52', '2023-12-31', 15),
(1111, '0xa5', 78, 70, 70.0, '10:44:52', '2023-12-31', 15),
(1112, '0xa5', 80, 70, 70.0, '10:44:52', '2023-12-31', 15),
(1113, '0xa5', 70, 70, 70.0, '10:45:08', '2023-12-31', 15),
(1114, '0xa5', 75, 70, 70.0, '10:45:08', '2023-12-31', 15),
(1115, '0xa5', 73, 70, 70.0, '10:45:08', '2023-12-31', 15),
(1116, '0xa5', 78, 70, 70.0, '10:45:08', '2023-12-31', 15),
(1117, '0xa5', 80, 70, 70.0, '10:45:08', '2023-12-31', 15),
(1118, '0xa5', 70, 70, 70.0, '10:45:33', '2023-12-31', 15),
(1119, '0xa5', 75, 70, 70.0, '10:45:33', '2023-12-31', 15),
(1120, '0xa5', 73, 70, 70.0, '10:45:33', '2023-12-31', 15),
(1121, '0xa5', 78, 70, 70.0, '10:45:33', '2023-12-31', 15),
(1122, '0xa5', 80, 70, 70.0, '10:45:33', '2023-12-31', 15),
(1123, '0xa5', 70, 70, 70.0, '10:45:43', '2023-12-31', 15),
(1124, '0xa5', 75, 70, 70.0, '10:45:43', '2023-12-31', 15),
(1125, '0xa5', 73, 70, 70.0, '10:45:43', '2023-12-31', 15),
(1126, '0xa5', 78, 70, 70.0, '10:45:43', '2023-12-31', 15),
(1127, '0xa5', 80, 70, 70.0, '10:45:43', '2023-12-31', 15),
(1128, '0xa5', 70, 70, 70.0, '10:45:59', '2023-12-31', 15),
(1129, '0xa5', 75, 70, 70.0, '10:45:59', '2023-12-31', 15),
(1130, '0xa5', 73, 70, 70.0, '10:45:59', '2023-12-31', 15),
(1131, '0xa5', 78, 70, 70.0, '10:45:59', '2023-12-31', 15),
(1132, '0xa5', 80, 70, 70.0, '10:45:59', '2023-12-31', 15),
(1133, '0xa5', 70, 70, 70.0, '10:48:25', '2023-12-31', 15),
(1134, '0xa5', 75, 70, 70.0, '10:48:25', '2023-12-31', 15),
(1135, '0xa5', 73, 70, 70.0, '10:48:25', '2023-12-31', 15),
(1136, '0xa5', 78, 70, 70.0, '10:48:25', '2023-12-31', 15),
(1137, '0xa5', 80, 70, 70.0, '10:48:25', '2023-12-31', 15),
(1138, '0xa9', 70, 70, 70.0, '12:05:41', '2023-12-31', 16),
(1139, '0xa9', 75, 70, 70.0, '12:05:41', '2023-12-31', 16),
(1140, '0xa9', 73, 70, 70.0, '12:05:41', '2023-12-31', 16),
(1141, '0xa9', 78, 70, 70.0, '12:05:41', '2023-12-31', 16),
(1142, '0xa9', 80, 70, 70.0, '12:05:41', '2023-12-31', 16),
(1143, '0xa5', 70, 70, 70.0, '12:06:02', '2023-12-31', 15),
(1144, '0xa5', 75, 70, 70.0, '12:06:02', '2023-12-31', 15),
(1145, '0xa5', 73, 70, 70.0, '12:06:02', '2023-12-31', 15),
(1146, '0xa5', 78, 70, 70.0, '12:06:02', '2023-12-31', 15),
(1147, '0xa5', 80, 70, 70.0, '12:06:02', '2023-12-31', 15),
(1148, '0xa9', 70, 70, 70.0, '12:09:08', '2023-12-31', 16),
(1149, '0xa9', 75, 70, 70.0, '12:09:08', '2023-12-31', 16),
(1150, '0xa9', 73, 70, 70.0, '12:09:08', '2023-12-31', 16),
(1151, '0xa9', 78, 70, 70.0, '12:09:08', '2023-12-31', 16),
(1152, '0xa9', 80, 70, 70.0, '12:09:08', '2023-12-31', 16),
(1153, '0xa8', 70, 70, 70.0, '13:07:44', '2023-12-31', 11),
(1154, '0xa8', 75, 70, 70.0, '13:07:44', '2023-12-31', 11),
(1155, '0xa8', 73, 70, 70.0, '13:07:44', '2023-12-31', 11),
(1156, '0xa8', 78, 70, 70.0, '13:07:44', '2023-12-31', 11),
(1157, '0xa8', 80, 70, 70.0, '13:07:44', '2023-12-31', 11),
(1158, '0xa8', 70, 70, 70.0, '13:07:49', '2023-12-31', 11),
(1159, '0xa8', 75, 70, 70.0, '13:07:49', '2023-12-31', 11),
(1160, '0xa8', 73, 70, 70.0, '13:07:49', '2023-12-31', 11),
(1161, '0xa8', 78, 70, 70.0, '13:07:49', '2023-12-31', 11),
(1162, '0xa8', 80, 70, 70.0, '13:07:49', '2023-12-31', 11),
(1163, '0xa8', 70, 70, 70.0, '13:08:09', '2023-12-31', 11),
(1164, '0xa8', 75, 70, 70.0, '13:08:09', '2023-12-31', 11),
(1165, '0xa8', 73, 70, 70.0, '13:08:09', '2023-12-31', 11),
(1166, '0xa8', 78, 70, 70.0, '13:08:09', '2023-12-31', 11),
(1167, '0xa8', 80, 70, 70.0, '13:08:09', '2023-12-31', 11),
(1168, '0xa8', 70, 70, 70.0, '13:09:34', '2023-12-31', 11),
(1169, '0xa8', 75, 70, 70.0, '13:09:34', '2023-12-31', 11),
(1170, '0xa8', 73, 70, 70.0, '13:09:34', '2023-12-31', 11),
(1171, '0xa8', 78, 70, 70.0, '13:09:34', '2023-12-31', 11),
(1172, '0xa8', 80, 70, 70.0, '13:09:34', '2023-12-31', 11),
(1173, '0xa8', 70, 70, 70.0, '13:09:40', '2023-12-31', 11),
(1174, '0xa8', 75, 70, 70.0, '13:09:40', '2023-12-31', 11),
(1175, '0xa8', 73, 70, 70.0, '13:09:40', '2023-12-31', 11),
(1176, '0xa8', 78, 70, 70.0, '13:09:40', '2023-12-31', 11),
(1177, '0xa8', 80, 70, 70.0, '13:09:40', '2023-12-31', 11),
(1178, '0xa8', 70, 70, 70.0, '13:09:50', '2023-12-31', 11),
(1179, '0xa8', 75, 70, 70.0, '13:09:50', '2023-12-31', 11),
(1180, '0xa8', 73, 70, 70.0, '13:09:50', '2023-12-31', 11),
(1181, '0xa8', 78, 70, 70.0, '13:09:50', '2023-12-31', 11),
(1182, '0xa8', 80, 70, 70.0, '13:09:50', '2023-12-31', 11),
(1183, '0xa8', 70, 70, 70.0, '13:10:20', '2023-12-31', 11),
(1184, '0xa8', 75, 70, 70.0, '13:10:20', '2023-12-31', 11),
(1185, '0xa8', 73, 70, 70.0, '13:10:20', '2023-12-31', 11),
(1186, '0xa8', 78, 70, 70.0, '13:10:20', '2023-12-31', 11),
(1187, '0xa8', 80, 70, 70.0, '13:10:20', '2023-12-31', 11),
(1188, '0xa8', 70, 70, 70.0, '13:10:46', '2023-12-31', 11),
(1189, '0xa8', 75, 70, 70.0, '13:10:46', '2023-12-31', 11),
(1190, '0xa8', 73, 70, 70.0, '13:10:46', '2023-12-31', 11),
(1191, '0xa8', 78, 70, 70.0, '13:10:46', '2023-12-31', 11),
(1192, '0xa8', 80, 70, 70.0, '13:10:46', '2023-12-31', 11),
(1193, '0xa8', 70, 70, 70.0, '13:11:01', '2023-12-31', 11),
(1194, '0xa8', 75, 70, 70.0, '13:11:01', '2023-12-31', 11),
(1195, '0xa8', 73, 70, 70.0, '13:11:01', '2023-12-31', 11),
(1196, '0xa8', 78, 70, 70.0, '13:11:01', '2023-12-31', 11),
(1197, '0xa8', 80, 70, 70.0, '13:11:01', '2023-12-31', 11),
(1198, '0xa8', 70, 70, 70.0, '13:11:07', '2023-12-31', 11),
(1199, '0xa8', 75, 70, 70.0, '13:11:07', '2023-12-31', 11),
(1200, '0xa8', 73, 70, 70.0, '13:11:07', '2023-12-31', 11),
(1201, '0xa8', 78, 70, 70.0, '13:11:07', '2023-12-31', 11),
(1202, '0xa8', 80, 70, 70.0, '13:11:07', '2023-12-31', 11),
(1203, '0xa8', 70, 70, 70.0, '13:11:25', '2023-12-31', 11),
(1204, '0xa8', 75, 70, 70.0, '13:11:25', '2023-12-31', 11),
(1205, '0xa8', 73, 70, 70.0, '13:11:25', '2023-12-31', 11),
(1206, '0xa8', 78, 70, 70.0, '13:11:25', '2023-12-31', 11),
(1207, '0xa8', 80, 70, 70.0, '13:11:25', '2023-12-31', 11),
(1208, '0xa9', 70, 70, 70.0, '13:15:06', '2023-12-31', 16),
(1209, '0xa9', 75, 70, 70.0, '13:15:06', '2023-12-31', 16),
(1210, '0xa9', 75, 70, 70.0, '13:15:06', '2023-12-31', 16),
(1211, '0xa9', 78, 70, 70.0, '13:15:06', '2023-12-31', 16),
(1212, '0xa9', 80, 70, 70.0, '13:15:06', '2023-12-31', 16),
(1213, '0xa5', 70, 70, 70.0, '13:15:17', '2023-12-31', 15),
(1214, '0xa5', 75, 70, 70.0, '13:15:17', '2023-12-31', 15),
(1215, '0xa5', 73, 70, 70.0, '13:15:17', '2023-12-31', 15),
(1216, '0xa5', 78, 70, 70.0, '13:15:17', '2023-12-31', 15),
(1217, '0xa5', 80, 70, 70.0, '13:15:17', '2023-12-31', 15),
(1218, '0xa9', 70, 70, 70.0, '13:15:27', '2023-12-31', 16),
(1219, '0xa9', 75, 70, 70.0, '13:15:27', '2023-12-31', 16),
(1220, '0xa9', 73, 70, 70.0, '13:15:27', '2023-12-31', 16),
(1221, '0xa9', 78, 70, 70.0, '13:15:27', '2023-12-31', 16),
(1222, '0xa9', 80, 70, 70.0, '13:15:27', '2023-12-31', 16),
(1223, '0xa9', 70, 70, 70.0, '13:15:38', '2023-12-31', 16),
(1224, '0xa9', 75, 70, 70.0, '13:15:38', '2023-12-31', 16),
(1225, '0xa9', 73, 70, 70.0, '13:15:38', '2023-12-31', 16),
(1226, '0xa9', 78, 70, 70.0, '13:15:38', '2023-12-31', 16),
(1227, '0xa9', 80, 70, 70.0, '13:15:38', '2023-12-31', 16),
(1228, '0xa9', 70, 70, 70.0, '13:15:47', '2023-12-31', 16),
(1229, '0xa9', 75, 70, 70.0, '13:15:47', '2023-12-31', 16),
(1230, '0xa9', 73, 70, 70.0, '13:15:47', '2023-12-31', 16),
(1231, '0xa9', 78, 70, 70.0, '13:15:47', '2023-12-31', 16),
(1232, '0xa9', 80, 70, 70.0, '13:15:47', '2023-12-31', 16),
(1233, '0xa9', 70, 70, 70.0, '13:16:12', '2023-12-31', 16),
(1234, '0xa9', 75, 70, 70.0, '13:16:12', '2023-12-31', 16),
(1235, '0xa9', 73, 70, 70.0, '13:16:12', '2023-12-31', 16),
(1236, '0xa9', 78, 70, 70.0, '13:16:12', '2023-12-31', 16),
(1237, '0xa9', 80, 70, 70.0, '13:16:12', '2023-12-31', 16),
(1238, '0xa5', 70, 70, 70.0, '13:16:27', '2023-12-31', 15),
(1239, '0xa5', 75, 70, 70.0, '13:16:27', '2023-12-31', 15),
(1240, '0xa5', 73, 70, 70.0, '13:16:27', '2023-12-31', 15),
(1241, '0xa5', 78, 70, 70.0, '13:16:27', '2023-12-31', 15),
(1242, '0xa5', 80, 70, 70.0, '13:16:27', '2023-12-31', 15),
(1243, '0xa5', 70, 70, 70.0, '13:18:01', '2023-12-31', 15),
(1244, '0xa5', 75, 70, 70.0, '13:18:01', '2023-12-31', 15),
(1245, '0xa5', 73, 70, 70.0, '13:18:01', '2023-12-31', 15),
(1246, '0xa5', 78, 70, 70.0, '13:18:01', '2023-12-31', 15),
(1247, '0xa5', 80, 70, 70.0, '13:18:01', '2023-12-31', 15),
(1248, '0xa5', 70, 70, 70.0, '13:18:31', '2023-12-31', 15),
(1249, '0xa5', 75, 70, 70.0, '13:18:31', '2023-12-31', 15),
(1250, '0xa5', 73, 70, 70.0, '13:18:31', '2023-12-31', 15),
(1251, '0xa5', 78, 70, 70.0, '13:18:31', '2023-12-31', 15),
(1252, '0xa5', 80, 70, 70.0, '13:18:31', '2023-12-31', 15),
(1253, '0xa9', 70, 70, 70.0, '13:18:46', '2023-12-31', 16),
(1254, '0xa9', 75, 70, 70.0, '13:18:46', '2023-12-31', 16),
(1255, '0xa9', 73, 70, 70.0, '13:18:46', '2023-12-31', 16),
(1256, '0xa9', 78, 70, 70.0, '13:18:46', '2023-12-31', 16),
(1257, '0xa9', 80, 70, 70.0, '13:18:46', '2023-12-31', 16),
(1258, '0xa5', 70, 70, 70.0, '13:18:52', '2023-12-31', 15),
(1259, '0xa5', 75, 70, 70.0, '13:18:52', '2023-12-31', 15),
(1260, '0xa5', 73, 70, 70.0, '13:18:52', '2023-12-31', 15),
(1261, '0xa5', 78, 70, 70.0, '13:18:52', '2023-12-31', 15),
(1262, '0xa5', 80, 70, 70.0, '13:18:52', '2023-12-31', 15),
(1263, '0xa5', 70, 70, 70.0, '13:19:07', '2023-12-31', 15),
(1264, '0xa5', 75, 70, 70.0, '13:19:07', '2023-12-31', 15),
(1265, '0xa5', 73, 70, 70.0, '13:19:07', '2023-12-31', 15),
(1266, '0xa5', 78, 70, 70.0, '13:19:07', '2023-12-31', 15),
(1267, '0xa5', 80, 70, 70.0, '13:19:07', '2023-12-31', 15),
(1268, '0xa9', 70, 70, 70.0, '13:19:28', '2023-12-31', 16),
(1269, '0xa9', 75, 70, 70.0, '13:19:28', '2023-12-31', 16),
(1270, '0xa9', 73, 70, 70.0, '13:19:28', '2023-12-31', 16),
(1271, '0xa9', 78, 70, 70.0, '13:19:28', '2023-12-31', 16),
(1272, '0xa9', 80, 70, 70.0, '13:19:28', '2023-12-31', 16),
(1273, '0xa5', 70, 70, 70.0, '13:19:38', '2023-12-31', 15),
(1274, '0xa5', 75, 70, 70.0, '13:19:38', '2023-12-31', 15),
(1275, '0xa5', 73, 70, 70.0, '13:19:38', '2023-12-31', 15),
(1276, '0xa5', 78, 70, 70.0, '13:19:38', '2023-12-31', 15),
(1277, '0xa5', 80, 70, 70.0, '13:19:38', '2023-12-31', 15),
(1278, '0xa5', 70, 70, 70.0, '13:19:44', '2023-12-31', 15),
(1279, '0xa5', 75, 70, 70.0, '13:19:44', '2023-12-31', 15),
(1280, '0xa5', 73, 70, 70.0, '13:19:44', '2023-12-31', 15),
(1281, '0xa5', 78, 70, 70.0, '13:19:44', '2023-12-31', 15),
(1282, '0xa5', 80, 70, 70.0, '13:19:44', '2023-12-31', 15),
(1283, '0xa5', 70, 70, 70.0, '13:19:49', '2023-12-31', 15),
(1284, '0xa5', 75, 70, 70.0, '13:19:49', '2023-12-31', 15),
(1285, '0xa5', 73, 70, 70.0, '13:19:49', '2023-12-31', 15),
(1286, '0xa5', 78, 70, 70.0, '13:19:49', '2023-12-31', 15),
(1287, '0xa5', 80, 70, 70.0, '13:19:49', '2023-12-31', 15),
(1288, '0xa5', 70, 70, 70.0, '14:03:21', '2023-12-31', 15),
(1289, '0xa5', 75, 70, 70.0, '14:03:21', '2023-12-31', 15),
(1290, '0xa5', 73, 70, 70.0, '14:03:21', '2023-12-31', 15),
(1291, '0xa5', 78, 70, 70.0, '14:03:21', '2023-12-31', 15),
(1292, '0xa5', 80, 70, 70.0, '14:03:21', '2023-12-31', 15),
(1293, '0xa5', 70, 70, 70.0, '14:04:26', '2023-12-31', 15),
(1294, '0xa5', 75, 70, 70.0, '14:04:26', '2023-12-31', 15),
(1295, '0xa5', 73, 70, 70.0, '14:04:26', '2023-12-31', 15),
(1296, '0xa5', 78, 70, 70.0, '14:04:26', '2023-12-31', 15),
(1297, '0xa5', 80, 70, 70.0, '14:04:26', '2023-12-31', 15),
(1298, '0xa7', 70, 70, 70.0, '14:04:52', '2023-12-31', 9),
(1299, '0xa7', 75, 70, 70.0, '14:04:52', '2023-12-31', 9),
(1300, '0xa7', 73, 70, 70.0, '14:04:52', '2023-12-31', 9),
(1301, '0xa7', 78, 70, 70.0, '14:04:52', '2023-12-31', 9),
(1302, '0xa7', 80, 70, 70.0, '14:04:52', '2023-12-31', 9),
(1303, '0xa7', 70, 70, 70.0, '14:05:33', '2023-12-31', 9),
(1304, '0xa7', 75, 70, 70.0, '14:05:33', '2023-12-31', 9),
(1305, '0xa7', 73, 70, 70.0, '14:05:33', '2023-12-31', 9),
(1306, '0xa7', 78, 70, 70.0, '14:05:33', '2023-12-31', 9),
(1307, '0xa7', 80, 70, 70.0, '14:05:33', '2023-12-31', 9),
(1308, '0xa9', 70, 70, 70.0, '14:05:43', '2023-12-31', 16),
(1309, '0xa9', 75, 70, 70.0, '14:05:43', '2023-12-31', 16),
(1310, '0xa9', 73, 70, 70.0, '14:05:43', '2023-12-31', 16),
(1311, '0xa9', 78, 70, 70.0, '14:05:43', '2023-12-31', 16),
(1312, '0xa9', 80, 70, 70.0, '14:05:43', '2023-12-31', 16),
(1313, '0xa5', 70, 70, 70.0, '14:06:19', '2023-12-31', 15),
(1314, '0xa5', 75, 70, 70.0, '14:06:19', '2023-12-31', 15),
(1315, '0xa5', 73, 70, 70.0, '14:06:19', '2023-12-31', 15),
(1316, '0xa5', 78, 70, 70.0, '14:06:19', '2023-12-31', 15),
(1317, '0xa5', 80, 70, 70.0, '14:06:19', '2023-12-31', 15),
(1318, '0xa7', 70, 70, 70.0, '14:07:00', '2023-12-31', 9),
(1319, '0xa7', 75, 70, 70.0, '14:07:00', '2023-12-31', 9),
(1320, '0xa7', 73, 70, 70.0, '14:07:00', '2023-12-31', 9),
(1321, '0xa7', 78, 70, 70.0, '14:07:00', '2023-12-31', 9),
(1322, '0xa7', 80, 70, 70.0, '14:07:00', '2023-12-31', 9),
(1323, '0xa7', 70, 70, 70.0, '14:07:15', '2023-12-31', 9),
(1324, '0xa7', 75, 70, 70.0, '14:07:15', '2023-12-31', 9),
(1325, '0xa7', 73, 70, 70.0, '14:07:15', '2023-12-31', 9),
(1326, '0xa7', 78, 70, 70.0, '14:07:15', '2023-12-31', 9),
(1327, '0xa7', 80, 70, 70.0, '14:07:15', '2023-12-31', 9),
(1328, '0xa7', 70, 70, 70.0, '14:07:31', '2023-12-31', 9),
(1329, '0xa7', 75, 70, 70.0, '14:07:31', '2023-12-31', 9),
(1330, '0xa7', 73, 70, 70.0, '14:07:31', '2023-12-31', 9),
(1331, '0xa7', 78, 70, 70.0, '14:07:31', '2023-12-31', 9),
(1332, '0xa7', 80, 70, 70.0, '14:07:31', '2023-12-31', 9),
(1333, '0xa7', 70, 70, 70.0, '14:07:41', '2023-12-31', 9),
(1334, '0xa7', 75, 70, 70.0, '14:07:41', '2023-12-31', 9),
(1335, '0xa7', 73, 70, 70.0, '14:07:41', '2023-12-31', 9),
(1336, '0xa7', 78, 70, 70.0, '14:07:41', '2023-12-31', 9),
(1337, '0xa7', 80, 70, 70.0, '14:07:41', '2023-12-31', 9),
(1338, '0xa7', 70, 70, 70.0, '14:08:17', '2023-12-31', 9),
(1339, '0xa7', 75, 70, 70.0, '14:08:17', '2023-12-31', 9),
(1340, '0xa7', 73, 70, 70.0, '14:08:17', '2023-12-31', 9),
(1341, '0xa7', 78, 70, 70.0, '14:08:17', '2023-12-31', 9),
(1342, '0xa7', 80, 70, 70.0, '14:08:17', '2023-12-31', 9),
(1343, '0xa9', 70, 70, 70.0, '14:08:32', '2023-12-31', 16),
(1344, '0xa9', 75, 70, 70.0, '14:08:32', '2023-12-31', 16),
(1345, '0xa9', 73, 70, 70.0, '14:08:32', '2023-12-31', 16),
(1346, '0xa9', 78, 70, 70.0, '14:08:32', '2023-12-31', 16),
(1347, '0xa9', 80, 70, 70.0, '14:08:32', '2023-12-31', 16),
(1348, '0xa7', 70, 70, 70.0, '14:08:42', '2023-12-31', 9),
(1349, '0xa7', 75, 70, 70.0, '14:08:42', '2023-12-31', 9),
(1350, '0xa7', 73, 70, 70.0, '14:08:42', '2023-12-31', 9),
(1351, '0xa7', 78, 70, 70.0, '14:08:42', '2023-12-31', 9),
(1352, '0xa7', 80, 70, 70.0, '14:08:42', '2023-12-31', 9),
(1353, '0xa5', 70, 70, 70.0, '14:09:08', '2023-12-31', 15),
(1354, '0xa5', 75, 70, 70.0, '14:09:08', '2023-12-31', 15),
(1355, '0xa5', 73, 70, 70.0, '14:09:08', '2023-12-31', 15),
(1356, '0xa5', 78, 70, 70.0, '14:09:08', '2023-12-31', 15),
(1357, '0xa5', 80, 70, 70.0, '14:09:08', '2023-12-31', 15),
(1358, '0xa5', 70, 70, 70.0, '14:09:38', '2023-12-31', 15),
(1359, '0xa5', 75, 70, 70.0, '14:09:38', '2023-12-31', 15),
(1360, '0xa5', 73, 70, 70.0, '14:09:38', '2023-12-31', 15),
(1361, '0xa5', 78, 70, 70.0, '14:09:38', '2023-12-31', 15),
(1362, '0xa5', 80, 70, 70.0, '14:09:38', '2023-12-31', 15),
(1363, '0xa5', 70, 70, 70.0, '14:10:54', '2023-12-31', 15),
(1364, '0xa5', 75, 70, 70.0, '14:10:54', '2023-12-31', 15),
(1365, '0xa5', 73, 70, 70.0, '14:10:54', '2023-12-31', 15),
(1366, '0xa5', 78, 70, 70.0, '14:10:54', '2023-12-31', 15),
(1367, '0xa5', 80, 70, 70.0, '14:10:54', '2023-12-31', 15),
(1368, '0xa5', 70, 70, 70.0, '14:13:09', '2023-12-31', 15),
(1369, '0xa5', 75, 70, 70.0, '14:13:09', '2023-12-31', 15),
(1370, '0xa5', 73, 70, 70.0, '14:13:09', '2023-12-31', 15),
(1371, '0xa5', 78, 70, 70.0, '14:13:09', '2023-12-31', 15);
INSERT INTO `health_status` (`status_id`, `lora_noseries`, `HR`, `SPO2`, `Temp`, `time`, `date`, `profile_id`) VALUES
(1372, '0xa5', 80, 70, 70.0, '14:13:09', '2023-12-31', 15),
(1373, '0xa5', 70, 70, 70.0, '14:13:40', '2023-12-31', 15),
(1374, '0xa5', 75, 70, 70.0, '14:13:40', '2023-12-31', 15),
(1375, '0xa5', 73, 70, 70.0, '14:13:40', '2023-12-31', 15),
(1376, '0xa5', 78, 70, 70.0, '14:13:40', '2023-12-31', 15),
(1377, '0xa5', 80, 70, 70.0, '14:13:40', '2023-12-31', 15);

-- --------------------------------------------------------

--
-- Table structure for table `history`
--

CREATE TABLE `history` (
  `history_id` int(11) NOT NULL,
  `lora_noseries` varchar(20) DEFAULT NULL,
  `time` time DEFAULT NULL,
  `date` date DEFAULT NULL,
  `profile_id` int(11) DEFAULT NULL,
  `pos_id` int(11) DEFAULT NULL,
  `pos_lora_noseries` varchar(20) DEFAULT NULL
) ENGINE=InnoDB DEFAULT CHARSET=utf8mb4 COLLATE=utf8mb4_general_ci;

--
-- Dumping data for table `history`
--

INSERT INTO `history` (`history_id`, `lora_noseries`, `time`, `date`, `profile_id`, `pos_id`, `pos_lora_noseries`) VALUES
(1, 'LS001', '13:22:58', '2023-11-16', 3, 1, '0xa1'),
(2, 'LS001', '11:41:37', '2023-11-27', 8, 1, '0xa1'),
(3, '0xa7', '02:35:25', '2023-12-04', 9, 1, '0xa1'),
(4, '0xa6', '00:37:05', '2023-12-27', 10, 1, '0xa1'),
(5, '0xa8', '18:32:51', '2023-12-30', 11, 1, '0xa1'),
(6, '0xa6', '09:59:29', '2023-12-31', 12, 1, '0xa1'),
(7, '0x10', '10:13:12', '2023-12-31', 13, 1, '0xa1'),
(8, '0x10', '10:19:44', '2023-12-31', 14, 1, '0xa1'),
(9, '0xa5', '10:20:22', '2023-12-31', 15, 1, '0xa1'),
(10, '0xa9', '12:04:10', '2023-12-31', 16, 1, '0xa1'),
(11, '0xa5', '06:37:38', '2024-01-02', 15, 1, NULL),
(12, '0xa9', '06:39:15', '2024-01-02', 16, 2, NULL),
(13, '0xa9', '06:40:05', '2024-01-02', 16, 3, NULL),
(14, '0xa9', '06:48:02', '2024-01-02', 16, 3, NULL),
(15, '0xa9', '06:51:11', '2024-01-02', 16, 2, NULL),
(16, '0xa9', '07:15:50', '2024-01-02', 16, 1, NULL),
(17, '0xa5', '07:25:16', '2024-01-02', 15, 1, NULL);

-- --------------------------------------------------------

--
-- Table structure for table `lora`
--

CREATE TABLE `lora` (
  `lora_id` int(11) NOT NULL,
  `lora_noseries` varchar(20) DEFAULT NULL,
  `time` time DEFAULT NULL,
  `date` date DEFAULT NULL
) ENGINE=InnoDB DEFAULT CHARSET=utf8mb4 COLLATE=utf8mb4_general_ci;

--
-- Dumping data for table `lora`
--

INSERT INTO `lora` (`lora_id`, `lora_noseries`, `time`, `date`) VALUES
(1, 'LS001', '10:00:00', '2023-01-01'),
(3, '0xa7', '02:26:14', '2023-12-04'),
(4, '0xa6', '00:35:39', '2023-12-27'),
(5, '0xa8', '18:32:13', '2023-12-30'),
(8, '0xa10', '10:09:34', '2023-12-31'),
(9, '0x10', '10:12:00', '2023-12-31'),
(10, '0xa5', '10:19:10', '2023-12-31'),
(11, '0xa9', '12:03:04', '2023-12-31'),
(12, '0xa1', '20:00:52', '2024-01-01'),
(13, '0xaa', '20:00:55', '2024-01-01'),
(14, '0xa2', '20:02:23', '2024-01-01');

-- --------------------------------------------------------

--
-- Table structure for table `notification`
--

CREATE TABLE `notification` (
  `notification_id` int(11) NOT NULL,
  `lora_noseries` varchar(20) DEFAULT NULL,
  `status` varchar(255) DEFAULT NULL,
  `time` time DEFAULT NULL,
  `date` date DEFAULT NULL,
  `profile_id` int(11) DEFAULT NULL
) ENGINE=InnoDB DEFAULT CHARSET=utf8mb4 COLLATE=utf8mb4_general_ci;

--
-- Dumping data for table `notification`
--

INSERT INTO `notification` (`notification_id`, `lora_noseries`, `status`, `time`, `date`, `profile_id`) VALUES
(1, 'LS001', 'Success', '13:24:15', '2023-11-16', 3),
(2, 'LS001', 'Missing', '01:51:25', '2023-11-21', 6),
(3, 'LS001', 'Success', '01:52:50', '2023-11-21', 1),
(4, 'LS001', 'Starting', '02:08:07', '2023-11-21', 7),
(7, 'LS001', 'Starting', '11:41:37', '2023-11-27', 8),
(8, '0xa7', 'Starting', '02:35:25', '2023-12-04', 9),
(9, '0xa6', 'Starting', '00:37:05', '2023-12-27', 10),
(10, '0xa8', 'Starting', '18:32:51', '2023-12-30', 11),
(11, '0xa6', 'Starting', '09:59:29', '2023-12-31', 12),
(12, '0x10', 'Starting', '10:13:12', '2023-12-31', 13),
(13, '0x10', 'Starting', '10:19:44', '2023-12-31', 14),
(14, '0xa5', 'Starting', '10:20:22', '2023-12-31', 15),
(15, '0xa9', 'Starting', '12:04:10', '2023-12-31', 16);

-- --------------------------------------------------------

--
-- Table structure for table `pos`
--

CREATE TABLE `pos` (
  `pos_id` int(11) NOT NULL,
  `lora_noseries` varchar(20) DEFAULT NULL,
  `pos_name` varchar(255) DEFAULT NULL,
  `status` varchar(10) NOT NULL,
  `time` time DEFAULT NULL,
  `date` date DEFAULT NULL
) ENGINE=InnoDB DEFAULT CHARSET=utf8mb4 COLLATE=utf8mb4_general_ci;

--
-- Dumping data for table `pos`
--

INSERT INTO `pos` (`pos_id`, `lora_noseries`, `pos_name`, `status`, `time`, `date`) VALUES
(1, '0xa1', 'POS 1', 'Active', '14:48:31', '2023-11-15'),
(2, '0xaa', 'POS 2', 'Active', '19:40:52', '2023-12-30'),
(3, '0xa2', 'POS 3', 'Active', '09:08:53', '2023-12-31');

-- --------------------------------------------------------

--
-- Table structure for table `pos_position`
--

CREATE TABLE `pos_position` (
  `position_id` int(11) NOT NULL,
  `pos_id` int(11) DEFAULT NULL,
  `latitude` double DEFAULT NULL,
  `longitude` double DEFAULT NULL,
  `time` time DEFAULT NULL,
  `date` date DEFAULT NULL
) ENGINE=InnoDB DEFAULT CHARSET=utf8mb4 COLLATE=utf8mb4_general_ci;

--
-- Dumping data for table `pos_position`
--

INSERT INTO `pos_position` (`position_id`, `pos_id`, `latitude`, `longitude`, `time`, `date`) VALUES
(21, 1, -7.287488, 112.8036, '13:28:56', '2023-11-26'),
(22, 2, -7.288786, 112.8036, '19:41:42', '2023-12-30'),
(23, 3, -7.289692, 112.803474, '09:09:38', '2023-12-31');

-- --------------------------------------------------------

--
-- Table structure for table `profile`
--

CREATE TABLE `profile` (
  `profile_id` int(11) NOT NULL,
  `lora_noseries` varchar(20) DEFAULT NULL,
  `NIK` varchar(50) DEFAULT NULL,
  `name` varchar(255) DEFAULT NULL,
  `address` varchar(255) DEFAULT NULL,
  `phone_number` varchar(25) DEFAULT NULL,
  `time` time DEFAULT NULL,
  `date` date DEFAULT NULL
) ENGINE=InnoDB DEFAULT CHARSET=utf8mb4 COLLATE=utf8mb4_general_ci;

--
-- Dumping data for table `profile`
--

INSERT INTO `profile` (`profile_id`, `lora_noseries`, `NIK`, `name`, `address`, `phone_number`, `time`, `date`) VALUES
(1, 'LS001', '123456789', 'John Doe', '123 Main St', '5551234', '10:00:00', '2023-01-01'),
(3, 'LS001', '101001010', 'User Satu', 'Sby', '1210210', '14:20:23', '2023-11-15'),
(6, 'LS001', '2147483647', 'Userbaru', 'SBy', '2147483647', '01:51:25', '2023-11-21'),
(7, 'LS001', '2147483647', 'user2', 'Sby', '134322546', '02:08:07', '2023-11-21'),
(8, 'LS001', '2147483647', 'User 3', 'Sby', '2147483647', '11:41:37', '2023-11-27'),
(9, '0xa7', '2147483647', 'User 7', 'Sby', '2147483647', '02:35:25', '2023-12-04'),
(10, '0xa6', '2147483647', 'Dwi Cahya Ramadani', 'Jalan Keputih 1D/14A', '0', '00:37:05', '2023-12-27'),
(11, '0xa8', '35101101234242', 'Afif', 'Sby', '081212572269', '18:32:51', '2023-12-30'),
(12, '0xa10', '35456756585', 'User Baru', 'Surabaya', '08122134564658', '09:59:29', '2023-12-31'),
(13, '0x10', '35436536475653', 'User Baru2 ', 'Surabaya', '08123252525432', '10:13:12', '2023-12-31'),
(14, '0x10', '35436536475653', 'User Baru2 ', 'Surabaya', '08123252525432', '10:19:44', '2023-12-31'),
(15, '0xa5', '35264367537', 'New User 1', 'Surabaya', '081233454325435', '10:20:22', '2023-12-31'),
(16, '0xa9', '3532525253', 'New User 2', 'Surabaya', '08123252525432', '12:04:10', '2023-12-31');

-- --------------------------------------------------------

--
-- Table structure for table `user_position`
--

CREATE TABLE `user_position` (
  `position_id` int(11) NOT NULL,
  `lora_noseries` varchar(20) DEFAULT NULL,
  `latitude` double DEFAULT NULL,
  `longitude` double DEFAULT NULL,
  `time` time DEFAULT current_timestamp(),
  `date` date DEFAULT current_timestamp(),
  `profile_id` int(11) DEFAULT NULL
) ENGINE=InnoDB DEFAULT CHARSET=utf8mb4 COLLATE=utf8mb4_general_ci;

--
-- Dumping data for table `user_position`
--

INSERT INTO `user_position` (`position_id`, `lora_noseries`, `latitude`, `longitude`, `time`, `date`, `profile_id`) VALUES
(3, 'LS001', -7.284531116485596, 112.78700256347656, '11:41:37', '2023-11-27', 8),
(4, '0xa7', -7.287405014038086, 112.79969787597656, '02:35:25', '2023-12-04', 9),
(5, 'LS001', -7.295721054077148, 112.79174041748047, '23:41:04', '2023-12-26', 3),
(6, '0xa6', -7.287217140197754, 112.79910278320312, '00:37:05', '2023-12-27', 10),
(22, '0xa6', -7.287217140197754, 112.79910278320312, '00:43:29', '2023-12-27', 10),
(23, '0xa6', -7.287217140197754, 112.79910278320312, '00:43:35', '2023-12-27', 10),
(24, '0xa6', -7.287217140197754, 112.79910278320312, '00:43:45', '2023-12-27', 10),
(25, '0xa6', -7.287199974060059, NULL, '00:43:50', '2023-12-27', 10),
(26, '0xa6', -7.287217140197754, 112.79910278320312, '00:44:05', '2023-12-27', 10),
(27, '0xa6', -7.287217140197754, 112.79910278320312, '00:44:10', '2023-12-27', 10),
(28, '0xa6', -7.287217140197754, 112.79910278320312, '00:44:21', '2023-12-27', 10),
(29, '0xa6', -7.287217140197754, 112.79910278320312, '00:44:31', '2023-12-27', 10),
(30, '0xa6', -7.287217140197754, 112.79910278320312, '00:44:36', '2023-12-27', 10),
(31, '0xa6', -7.287217140197754, 112.79910278320312, '00:44:41', '2023-12-27', 10),
(33, '0xa6', -7.287217140197754, 112.79910278320312, '01:18:50', '2023-12-27', 10),
(34, '0xa6', -7.287217140197754, 112.79910278320312, '01:19:10', '2023-12-27', 10),
(37, '0xa6', -7.287217140197754, 112.79910278320312, '01:24:06', '2023-12-27', 10),
(39, '0xa6', -7.287217140197754, 112.79910278320312, '01:26:06', '2023-12-27', 10),
(40, '0xa6', -7.261375904083252, 112.80699920654297, '10:06:27', '2023-12-29', 10),
(41, '0xa6', -7.261386871337891, 112.80709838867188, '10:06:37', '2023-12-29', 10),
(42, '0xa6', -7.261384963989258, 112.80709838867188, '10:06:42', '2023-12-29', 10),
(43, '0xa6', -7.287217140197754, 112.79910278320312, '10:07:03', '2023-12-29', 10),
(44, '0xa6', -7.2613348960876465, 112.80709838867188, '10:11:04', '2023-12-29', 10),
(45, '0xa6', -7.2613348960876465, 112.80709838867188, '10:11:09', '2023-12-29', 10),
(46, '0xa6', -7.2613348960876465, 112.80709838867188, '10:11:15', '2023-12-29', 10),
(47, '0xa6', -7.2613348960876465, 112.80709838867188, '10:11:20', '2023-12-29', 10),
(48, '0xa6', -7.261346817016602, 112.80709838867188, '10:12:01', '2023-12-29', 10),
(49, '0xa6', -7.261703014373779, 112.80699920654297, '10:12:21', '2023-12-29', 10),
(50, '0xa6', -7.261765003204346, 112.80699920654297, '10:12:26', '2023-12-29', 10),
(51, '0xa6', -7.26196813583374, 112.80709838867188, '10:12:36', '2023-12-29', 10),
(52, '0xa6', -7.262657165527344, 112.80719757080078, '10:12:52', '2023-12-29', 10),
(53, '0xa6', -7.262712001800537, 112.80729675292969, '10:12:58', '2023-12-29', 10),
(54, '0xa6', -7.264583110809326, 112.80780029296875, '10:13:43', '2023-12-29', 10),
(55, '0xa6', -7.265369892120361, 112.80809783935547, '10:14:08', '2023-12-29', 10),
(56, '0xa6', -7.287217140197754, 112.79910278320312, '10:30:03', '2023-12-29', 10),
(57, '0xa6', -7.287217140197754, 112.79910278320312, '10:30:11', '2023-12-29', 10),
(58, '0xa6', -7.287217140197754, 112.79910278320312, '10:30:27', '2023-12-29', 10),
(59, '0xa6', -7.287217140197754, 112.79910278320312, '10:30:32', '2023-12-29', 10),
(60, '0xa6', -7.287217140197754, 112.79910278320312, '10:31:17', '2023-12-29', 10),
(61, '0xa6', -7.287217140197754, 112.79910278320312, '10:31:38', '2023-12-29', 10),
(62, '0xa6', -7.260231971740723, 112.80259704589844, '10:31:49', '2023-12-29', 10),
(63, '0xa6', -7.260234832763672, 112.80259704589844, '10:31:54', '2023-12-29', 10),
(64, '0xa6', -7.260231971740723, 112.80259704589844, '10:32:00', '2023-12-29', 10),
(65, '0xa6', -7.2613301277160645, 112.80680084228516, '10:32:45', '2023-12-29', 10),
(66, '0xa6', -7.261297225952148, 112.80699920654297, '10:33:01', '2023-12-29', 10),
(67, '0xa6', -7.261298179626465, 112.80699920654297, '10:33:06', '2023-12-29', 10),
(68, '0xa6', -7.26140022277832, 112.80709838867188, '10:33:16', '2023-12-29', 10),
(69, '0xa6', -7.262700080871582, 112.80719757080078, '10:33:52', '2023-12-29', 10),
(70, '0xa6', -7.263021945953369, 112.80740356445312, '10:34:23', '2023-12-29', 10),
(71, '0xa6', -7.263917922973633, 112.80760192871094, '10:35:18', '2023-12-29', 10),
(72, '0xa6', -7.265052795410156, 112.80789947509766, '10:35:49', '2023-12-29', 10),
(73, '0xa6', -7.264461994171143, 112.80780029296875, '10:43:29', '2023-12-29', 10),
(74, '0xa6', -7.287217140197754, 112.79910278320312, '10:45:30', '2023-12-29', 10),
(75, '0xa6', -7.261664867401123, 112.80670166015625, '10:47:20', '2023-12-29', 10),
(76, '0xa6', -7.259669780731201, 112.806396484375, '10:48:01', '2023-12-29', 10),
(77, '0xa6', -7.259821891784668, 112.806396484375, '10:48:06', '2023-12-29', 10),
(78, '0xa6', -7.261141777038574, 112.80699920654297, '10:48:37', '2023-12-29', 10),
(79, '0xa6', -7.287217140197754, 112.79910278320312, '10:49:08', '2023-12-29', 10),
(80, '0xa6', -7.287217140197754, 112.79910278320312, '10:49:23', '2023-12-29', 10),
(81, '0xa6', -7.287217140197754, 112.79910278320312, '10:49:29', '2023-12-29', 10),
(82, '0xa6', -7.287217140197754, 112.79910278320312, '10:50:15', '2023-12-29', 10),
(83, '0xa6', -7.287217140197754, 112.79910278320312, '10:50:31', '2023-12-29', 10),
(84, '0xa6', -7.287217140197754, 112.79910278320312, '10:50:36', '2023-12-29', 10),
(85, '0xa6', -7.287217140197754, 112.79910278320312, '10:51:12', '2023-12-29', 10),
(86, '0xa6', -7.287217140197754, 112.79910278320312, '10:51:37', '2023-12-29', 10),
(87, '0xa6', -7.287217140197754, 112.79910278320312, '10:51:52', '2023-12-29', 10),
(88, '0xa6', -7.287217140197754, 112.79910278320312, '10:51:58', '2023-12-29', 10),
(89, '0xa6', -7.287217140197754, 112.79910278320312, '10:52:53', '2023-12-29', 10),
(90, '0xa6', -7.287217140197754, 112.79910278320312, '10:53:09', '2023-12-29', 10),
(91, '0xa6', -7.287217140197754, 112.79910278320312, '10:53:14', '2023-12-29', 10),
(92, '0xa7', -7.287217140197754, 112.79910278320312, '17:27:47', '2023-12-30', 9),
(93, '0xa6', -7.287217140197754, 112.79910278320312, '17:27:58', '2023-12-30', 10),
(94, '0xa6', -7.287217140197754, 112.79910278320312, '17:28:28', '2023-12-30', 10),
(95, '0xa7', -7.287217140197754, 112112.796875, '17:28:53', '2023-12-30', 9),
(96, '0xa7', -7.287217140197754, 112.79910278320312, '17:29:19', '2023-12-30', 9),
(97, '0xa7', -7.287217140197754, 112.79910278320312, '17:29:59', '2023-12-30', 9),
(98, '0xa7', -7.287217140197754, 112.79910278320312, '17:30:15', '2023-12-30', 9),
(99, '0xa6', -7.287499904632568, 112.80349731445312, '17:30:40', '2023-12-30', 10),
(100, '0xa7', -7.287217140197754, 112.79910278320312, '17:30:56', '2023-12-30', 9),
(101, '0xa7', -7.287217140197754, 112.79910278320312, '17:31:17', '2023-12-30', 9),
(102, '0xa6', -7.287483215332031, 112.80349731445312, '17:31:28', '2023-12-30', 10),
(103, '0xa7', -7.287217140197754, 112.79910278320312, '17:31:38', '2023-12-30', 9),
(104, '0xa7', -7.287217140197754, 112.79910278320312, '17:32:09', '2023-12-30', 9),
(105, '0xa6', -7.287217140197754, 112.79910278320312, '17:32:44', '2023-12-30', 10),
(106, '0xa7', -7.287217140197754, 112.79910278320312, '17:34:01', '2023-12-30', 9),
(107, '0xa7', -7.287217140197754, 112.79910278320312, '17:34:12', '2023-12-30', 9),
(108, '0xa7', -7.287217140197754, 112.79910278320312, '17:34:22', '2023-12-30', 9),
(109, '0xa6', -7.287569999694824, 112.80359649658203, '17:34:33', '2023-12-30', 10),
(110, '0xa7', -7.28721284866333, 112.79910278320312, '17:34:38', '2023-12-30', 9),
(111, '0xa6', -7.287581920623779, 112.80359649658203, '17:34:44', '2023-12-30', 10),
(112, '0xa7', -7.28728723526001, 112.79910278320312, '17:34:49', '2023-12-30', 9),
(113, '0xa6', -7.2876200675964355, 112.80359649658203, '17:35:05', '2023-12-30', 10),
(114, '0xa6', -7.287217140197754, 112.79910278320312, '17:36:01', '2023-12-30', 10),
(115, '0xa6', -7.28772497177124, 112.80370330810547, '17:36:46', '2023-12-30', 10),
(116, '0xa6', -7.287714004516602, 112.80370330810547, '17:37:01', '2023-12-30', 10),
(117, '0xa6', -7.287217140197754, 112.79910278320312, '17:37:17', '2023-12-30', 10),
(118, '0xa7', -7.287217140197754, 112.79910278320312, '17:37:32', '2023-12-30', 9),
(119, '0xa7', -7.287217140197754, 112.79910278320312, '17:38:59', '2023-12-30', 9),
(120, '0xa6', -7.2874531745910645, 112.80349731445312, '17:54:47', '2023-12-30', 10),
(121, '0xa6', -7.287217140197754, 112.79910278320312, '17:54:58', '2023-12-30', 10),
(122, '0xa6', -7.287217140197754, 112.79910278320312, '17:55:08', '2023-12-30', 10),
(123, '0xa6', -7.287542819976807, 112.80370330810547, '17:58:41', '2023-12-30', 10),
(124, '0xa6', -7.287599086761475, 112.80370330810547, '17:59:11', '2023-12-30', 10),
(125, '0xa6', -7.287217140197754, 112.79910278320312, '18:26:15', '2023-12-30', 10),
(126, '0xa6', -7.287217140197754, 112.79910278320312, '18:26:48', '2023-12-30', 10),
(127, '0xa6', -7.287217140197754, 112.79910278320312, '18:27:03', '2023-12-30', 10),
(128, '0xa6', -7.287217140197754, 112.79910278320312, '18:27:19', '2023-12-30', 10),
(129, '0xa6', -7.287217140197754, 112.79910278320312, '18:27:24', '2023-12-30', 10),
(130, '0xa6', -7.287217140197754, 112.79910278320312, '18:28:10', '2023-12-30', 10),
(131, '0xa6', -7.287217140197754, 112.79910278320312, '18:31:00', '2023-12-30', 10),
(132, '0xa6', -7.287460803985596, 112.80370330810547, '18:31:26', '2023-12-30', 10),
(133, '0xa6', -7.28746223449707, 112.80370330810547, '18:31:41', '2023-12-30', 10),
(134, '0xa6', -7.287504196166992, 112.80370330810547, '18:32:37', '2023-12-30', 10),
(135, '0xa8', -7.284531116485596, 112.79668426513672, '18:32:51', '2023-12-30', 11),
(136, '0xa6', -7.287500858306885, 112.80370330810547, '18:32:53', '2023-12-30', 10),
(137, '0xa8', -7.287199974060059, 112.79910278320312, '18:32:58', '2023-12-30', 11),
(138, '0xa6', -7.287498950958252, 112.80370330810547, '18:33:03', '2023-12-30', 10),
(139, '0xa8', -7.287217140197754, 112.79910278320312, '18:33:28', '2023-12-30', 11),
(140, '0xa8', -7.287217140197754, 112.79910278320312, '18:33:44', '2023-12-30', 11),
(141, '0xa6', -7.287599086761475, 112.80370330810547, '18:34:04', '2023-12-30', 10),
(142, '0xa6', -7.287520885467529, 112.80359649658203, '19:15:54', '2023-12-30', 10),
(143, '0xa6', -7.287511825561523, 112.80370330810547, '19:16:09', '2023-12-30', 10),
(144, '0xa6', -7.287446975708008, 112.80380249023438, '19:16:44', '2023-12-30', 10),
(145, '0xa6', -7.28743314743042, 112.80380249023438, '19:17:20', '2023-12-30', 10),
(146, '0xa6', -7.28749418258667, 112.80370330810547, '19:17:35', '2023-12-30', 10),
(147, '0xa6', -7.287507057189941, 112.80370330810547, '19:17:51', '2023-12-30', 10),
(148, '0xa6', -7.287591934204102, 112.80370330810547, '19:18:06', '2023-12-30', 10),
(149, '0xa6', -7.287635803222656, 112.80400085449219, '19:18:21', '2023-12-30', 10),
(150, '0xa6', -7.287948131561279, 112.80359649658203, '19:18:37', '2023-12-30', 10),
(151, '0xa6', -7.288226127624512, 112.80359649658203, '19:18:52', '2023-12-30', 10),
(152, '0xa6', -7.28844690322876, 112.80359649658203, '19:19:03', '2023-12-30', 10),
(153, '0xa6', -7.288558006286621, 112.80359649658203, '19:19:13', '2023-12-30', 10),
(154, '0xa6', -7.288866996765137, 112.80339813232422, '19:19:58', '2023-12-30', 10),
(155, '0xa6', -7.287217, 112.7991, '19:36:49', '2023-12-30', 10),
(156, '0xa6', -7.287533, 112.8036, '19:37:05', '2023-12-30', 10),
(157, '0xa6', -7.28748, 112.8036, '19:37:20', '2023-12-30', 10),
(158, '0xa6', -7.28749, 112.8036, '19:37:48', '2023-12-30', 10),
(159, '0xa6', -7.28748, 112.8036, '19:38:03', '2023-12-30', 10),
(160, '0xa6', -7.287488, 112.8036, '19:38:19', '2023-12-30', 10),
(161, '0xa6', -7.287488, 112.8036, '19:38:35', '2023-12-30', 10),
(162, '0xa6', -7.287483, 112.8036, '19:38:50', '2023-12-30', 10),
(163, '0xa6', -7.287485, 112.8036, '19:38:56', '2023-12-30', 10),
(164, '0xa6', -7.28749, 112.8036, '19:39:11', '2023-12-30', 10),
(165, '0xa6', -7.287498, 112.8036, '19:39:26', '2023-12-30', 10),
(166, '0xa6', -7.2875, 112.8036, '19:39:31', '2023-12-30', 10),
(167, '0xa6', -7.287503, 112.8036, '19:39:42', '2023-12-30', 10),
(168, '0xa6', -7.287511, 112.8036, '19:40:08', '2023-12-30', 10),
(169, '0xa6', -7.287515, 112.8036, '19:40:23', '2023-12-30', 10),
(170, '0xa6', -7.287516, 112.8036, '19:40:29', '2023-12-30', 10),
(171, '0xa6', -7.28751, 112.8036, '19:40:54', '2023-12-30', 10),
(172, '0xa6', -7.287512, 112.8036, '19:41:10', '2023-12-30', 10),
(173, '0xa6', -7.287521, 112.8037, '19:41:25', '2023-12-30', 10),
(174, '0xa6', -7.287217, 112.7991, '19:54:13', '2023-12-30', 10),
(175, '0xa6', -7.287217, 112.7991, '19:54:23', '2023-12-30', 10),
(176, '0xa6', -7.288814, 112.8036, '19:54:39', '2023-12-30', 10),
(177, '0xa6', -7.288816, 112.8036, '19:55:00', '2023-12-30', 10),
(178, '0xa6', -7.288817, 112.8036, '19:55:10', '2023-12-30', 10),
(179, '0xa6', -7.288888816, 112.8036, '19:55:16', '2023-12-30', 10),
(180, '0xa6', -7.288814, 112.8036, '19:55:21', '2023-12-30', 10),
(181, '0xa6', -7.288814, 112.8036, '19:55:27', '2023-12-30', 10),
(182, '0xa6', -7.288806, 112.8036, '19:55:43', '2023-12-30', 10),
(183, '0xa6', -7.288825, 112.8036, '19:56:18', '2023-12-30', 10),
(184, '0xa6', -7.288829, 112.8036, '19:56:29', '2023-12-30', 10),
(185, '0xa6', -7.288817, 112.8036, '19:56:39', '2023-12-30', 10),
(186, '0xa6', -7.288812, 112.8036, '20:00:19', '2023-12-30', 10),
(187, '0xa6', -7.288888815, 112.8036, '20:00:24', '2023-12-30', 10),
(188, '0xa6', -7.288814, 112.8036, '20:00:39', '2023-12-30', 10),
(189, '0xa6', -7.288888814, 112.8036, '20:00:45', '2023-12-30', 10),
(190, '0xa6', -7.288814, 112.8036, '20:00:50', '2023-12-30', 10),
(191, '0xa6', -7.288812, 112.8036, '20:01:01', '2023-12-30', 10),
(192, '0xa6', -7.288807, 112.8036, '20:02:28', '2023-12-30', 10),
(193, '0xa6', -7.288807, 112.8036, '20:02:34', '2023-12-30', 10),
(194, '0xa6', -7.288793, 112.8036, '20:03:09', '2023-12-30', 10),
(195, '0xa6', -7.288793, 112.8036, '20:03:24', '2023-12-30', 10),
(196, '0xa6', -7.28881, 112.8036, '20:03:40', '2023-12-30', 10),
(197, '0xa6', -7.288815, 112.8036, '20:03:45', '2023-12-30', 10),
(198, '0xa6', -7.289147, 112.8035, '20:04:00', '2023-12-30', 10),
(199, '0xa6', -7.28933, 112.8035, '20:04:11', '2023-12-30', 10),
(200, '0xa6', -7.289724, 112.8035, '20:10:52', '2023-12-30', 10),
(201, '0xa6', -7.289469, 112.8035, '20:11:27', '2023-12-30', 10),
(202, '0xa6', -7.28881, 112.8036, '20:12:23', '2023-12-30', 10),
(203, '0xa6', -7.288807, 112.8035, '20:12:38', '2023-12-30', 10),
(204, '0xa6', -7.288775, 112.8035, '20:12:53', '2023-12-30', 10),
(205, '0xa6', -7.288761, 112.8035, '20:13:54', '2023-12-30', 10),
(206, '0xa6', -7.288758, 112.8035, '20:14:09', '2023-12-30', 10),
(207, '0xa6', -7.288764, 112.8036, '20:14:24', '2023-12-30', 10),
(208, '0xa6', -7.288786, 112.8036, '20:14:35', '2023-12-30', 10),
(209, '0xa6', -7.288786, 112.8035, '20:15:26', '2023-12-30', 10),
(210, '0xa7', -7.287217, 112.7991, '09:47:31', '2023-12-31', 9),
(211, '0xa7', -7.287217, 112.7991, '09:47:36', '2023-12-31', 9),
(212, '0xa7', -7.287217, 112.7991, '09:48:02', '2023-12-31', 9),
(213, '0xa7', -7.287217, 112.7991, '09:48:48', '2023-12-31', 9),
(214, '0xa7', -7.287217, 112.7991, '09:49:03', '2023-12-31', 9),
(215, '0xa7', -7.287217, 112.7991, '09:49:28', '2023-12-31', 9),
(216, '0xa7', -7.287217, 112.7991, '09:49:44', '2023-12-31', 9),
(217, '0xa7', -7.287217, 112.7991, '09:49:59', '2023-12-31', 9),
(218, '0xa7', -7.287217, 112.7991, '09:50:15', '2023-12-31', 9),
(219, '0xa7', -7.287217, 112.7991, '09:50:20', '2023-12-31', 9),
(220, '0xa7', -7.287217, 112.7991, '09:50:31', '2023-12-31', 9),
(221, '0xa7', -7.287217, 112.7991, '09:50:46', '2023-12-31', 9),
(222, '0xa7', -7.287217, 112.7991, '09:51:11', '2023-12-31', 9),
(223, '0xa7', -7.287217, 112.7991, '09:51:17', '2023-12-31', 9),
(224, '0xa7', -7.287217, 112.7991, '09:51:37', '2023-12-31', 9),
(225, '0xa7', -7.287217, 112.7991, '09:52:13', '2023-12-31', 9),
(226, '0xa7', -7.287217, 112.7991, '09:52:23', '2023-12-31', 9),
(227, '0xa7', -7.287217, 112.7991, '09:52:34', '2023-12-31', 9),
(228, '0xa7', -7.287287217, 112.7991, '09:52:40', '2023-12-31', 9),
(229, '0xa7', -7.287217, 112.7991, '09:52:45', '2023-12-31', 9),
(231, '0x10', -7.284531, 112.796682, '10:13:12', '2023-12-31', 13),
(232, '0xa7', -7.287217, 112.7991, '10:14:07', '2023-12-31', 9),
(233, '0xa7', -7.287217, 112.7991, '10:14:12', '2023-12-31', 9),
(234, '0xa7', -7.287217, 112.7991, '10:14:18', '2023-12-31', 9),
(235, '0x10', -7.284531, 112.796682, '10:19:44', '2023-12-31', 14),
(236, '0xa5', -7.284531, 112.796682, '10:20:22', '2023-12-31', 15),
(237, '0xa5', -7.287848, 112.8036, '10:20:29', '2023-12-31', 15),
(238, '0xa5', -7.287887, 112.8036, '10:20:45', '2023-12-31', 15),
(239, '0xa5', -7.287954, 112.8036, '10:21:00', '2023-12-31', 15),
(240, '0xa5', -7.287957, 112.8036, '10:21:05', '2023-12-31', 15),
(241, '0xa5', -7.287812, 112.8036, '10:21:25', '2023-12-31', 15),
(242, '0xa5', -7.287544, 112.8036, '10:21:51', '2023-12-31', 15),
(243, '0xa5', -7.287403, 112.8036, '10:22:07', '2023-12-31', 15),
(244, '0xa5', -7.287339, 112.8036, '10:22:28', '2023-12-31', 15),
(245, '0xa5', -7.287351, 112.8036, '10:22:38', '2023-12-31', 15),
(246, '0xa5', -7.287352, 112.8036, '10:23:14', '2023-12-31', 15),
(247, '0xa5', -7.287308, 112.8036, '10:23:54', '2023-12-31', 15),
(248, '0xa5', -7.287332, 112.8037, '10:24:10', '2023-12-31', 15),
(249, '0xa5', -7.287476, 112.8036, '10:24:55', '2023-12-31', 15),
(250, '0xa5', -7.28753, 112.8036, '10:25:10', '2023-12-31', 15),
(251, '0xa5', -7.287337, 112.8037, '10:37:17', '2023-12-31', 15),
(252, '0xa5', -7.287379, 112.8037, '10:37:32', '2023-12-31', 15),
(253, '0xa5', -7.287423, 112.8036, '10:37:47', '2023-12-31', 15),
(254, '0xa5', -7.287451, 112.8036, '10:38:22', '2023-12-31', 15),
(255, '0xa5', -7.287487462, 112.8036, '10:38:28', '2023-12-31', 15),
(256, '0xa5', -7.287465, 112.8036, '10:38:34', '2023-12-31', 15),
(257, '0xa5', -7.287512, 112.8036, '10:40:04', '2023-12-31', 15),
(258, '0xa5', -7.287515, 112.8036, '10:40:09', '2023-12-31', 15),
(259, '0xa5', -7.287489, 112.8036, '10:41:25', '2023-12-31', 15),
(260, '0xa5', -7.287482, 112.8036, '10:41:55', '2023-12-31', 15),
(261, '0xa5', -7.287504, 112.8036, '10:43:21', '2023-12-31', 15),
(262, '0xa5', -7.287504, 112.8036, '10:44:52', '2023-12-31', 15),
(263, '0xa5', -7.287522, 112.8036, '10:45:08', '2023-12-31', 15),
(264, '0xa5', -7.287533, 112.8036, '10:45:33', '2023-12-31', 15),
(265, '0xa5', -7.287539, 112.8036, '10:45:43', '2023-12-31', 15),
(266, '0xa5', -7.287537, 112.8036, '10:45:59', '2023-12-31', 15),
(267, '0xa5', -7.288919, 112.8037, '10:48:25', '2023-12-31', 15),
(268, '0xa9', -7.284531, 112.796682, '12:04:10', '2023-12-31', 16),
(269, '0xa9', -7.289004, 112.8035, '12:05:41', '2023-12-31', 16),
(270, '0xa5', -7.290799, 112.8035, '12:06:02', '2023-12-31', 15),
(271, '0xa9', -7.289004, 112.8035, '12:09:08', '2023-12-31', 16),
(272, '0xa8', -7.289004, 112.8035, '13:07:44', '2023-12-31', 11),
(273, '0xa8', -7.289004, 112.8035, '13:07:49', '2023-12-31', 11),
(274, '0xa8', -7.289004, 112.8035, '13:08:09', '2023-12-31', 11),
(275, '0xa8', -7.289004, 112.8035, '13:09:34', '2023-12-31', 11),
(276, '0xa8', -7.289004, 112.8035, '13:09:40', '2023-12-31', 11),
(277, '0xa8', -7.289004, 112.8035, '13:09:50', '2023-12-31', 11),
(278, '0xa8', -7.289004, 112.8035, '13:10:20', '2023-12-31', 11),
(279, '0xa8', -7.289004, 112.8035, '13:10:46', '2023-12-31', 11),
(280, '0xa8', -7.289004, 112.8035, '13:11:01', '2023-12-31', 11),
(281, '0xa8', -7.289004, 112.8035, '13:11:07', '2023-12-31', 11),
(282, '0xa8', -7.289004, 112.8035, '13:11:25', '2023-12-31', 11),
(283, '0xa9', -7.289004, 112.8035, '13:15:06', '2023-12-31', 16),
(284, '0xa5', -7.289033, 112.8035, '13:15:17', '2023-12-31', 15),
(285, '0xa9', -7.289004, 112.8035, '13:15:27', '2023-12-31', 16),
(286, '0xa9', -7.289004, 112.8035, '13:15:38', '2023-12-31', 16),
(287, '0xa9', -7.289004, 112.8035, '13:15:47', '2023-12-31', 16),
(288, '0xa9', -7.289004, 112.8035, '13:16:12', '2023-12-31', 16),
(289, '0xa5', -7.288636, 112.8036, '13:16:27', '2023-12-31', 15),
(290, '0xa5', -7.28738, 112.8036, '13:18:01', '2023-12-31', 15),
(291, '0xa5', -7.287411, 112.8036, '13:18:31', '2023-12-31', 15),
(292, '0xa9', -7.289004, 112.8035, '13:18:46', '2023-12-31', 16),
(293, '0xa5', -7.287364, 112.8036, '13:18:52', '2023-12-31', 15),
(294, '0xa5', -7.28738, 112.8036, '13:19:07', '2023-12-31', 15),
(295, '0xa9', -7.289004, 112.8035, '13:19:28', '2023-12-31', 16),
(296, '0xa5', -7.28734, 112.8036, '13:19:38', '2023-12-31', 15),
(297, '0xa5', -7.28732733, 112.8036, '13:19:44', '2023-12-31', 15),
(298, '0xa5', -7.28735, 112.8036, '13:19:49', '2023-12-31', 15),
(299, '0xa5', -7.287282, 112.8037, '14:03:21', '2023-12-31', 15),
(300, '0xa5', -7.287328, 112.8036, '14:04:26', '2023-12-31', 15),
(301, '0xa7', -7.287217, 112.7991, '14:04:52', '2023-12-31', 9),
(302, '0xa7', -7.287217, 112.7991, '14:05:33', '2023-12-31', 9),
(303, '0xa9', -7.289004, 112.8035, '14:05:43', '2023-12-31', 16),
(304, '0xa5', -7.287374, 112.8037, '14:06:19', '2023-12-31', 15),
(305, '0xa7', -7.287217, 112.7991, '14:07:00', '2023-12-31', 9),
(306, '0xa7', -7.287217, 112.7991, '14:07:15', '2023-12-31', 9),
(307, '0xa7', -7.287217, 112.7991, '14:07:31', '2023-12-31', 9),
(308, '0xa7', -7.287217, 112.7991, '14:07:41', '2023-12-31', 9),
(309, '0xa7', -7.287217, 112.7991, '14:08:17', '2023-12-31', 9),
(310, '0xa9', -7.289004, 112.8035, '14:08:32', '2023-12-31', 16),
(311, '0xa7', -7.287217, 112.7991, '14:08:42', '2023-12-31', 9),
(312, '0xa5', -7.289379, 112.8034, '14:09:08', '2023-12-31', 15),
(313, '0xa5', -7.288651, 112.8035, '14:09:38', '2023-12-31', 15),
(314, '0xa5', -7.287183, 112.8037, '14:10:54', '2023-12-31', 15),
(315, '0xa5', -7.287325, 112.8037, '14:13:09', '2023-12-31', 15),
(316, '0xa5', -7.287291, 112.8037, '14:13:40', '2023-12-31', 15),
(318, '0xa9', -7.289671, 112.803455, '15:18:04', '2024-01-01', 16);

--
-- Indexes for dumped tables
--

--
-- Indexes for table `health_status`
--
ALTER TABLE `health_status`
  ADD PRIMARY KEY (`status_id`),
  ADD KEY `profile_id` (`profile_id`),
  ADD KEY `lora_noseries` (`lora_noseries`);

--
-- Indexes for table `history`
--
ALTER TABLE `history`
  ADD PRIMARY KEY (`history_id`),
  ADD KEY `profile_id` (`profile_id`),
  ADD KEY `fk_pos_id` (`pos_id`),
  ADD KEY `fk_lora_noseries` (`lora_noseries`),
  ADD KEY `fk_pos_lora_noseries` (`pos_lora_noseries`);

--
-- Indexes for table `lora`
--
ALTER TABLE `lora`
  ADD PRIMARY KEY (`lora_id`),
  ADD UNIQUE KEY `lora_noseries` (`lora_noseries`);

--
-- Indexes for table `notification`
--
ALTER TABLE `notification`
  ADD PRIMARY KEY (`notification_id`),
  ADD KEY `profile_id` (`profile_id`),
  ADD KEY `lora_noseries` (`lora_noseries`);

--
-- Indexes for table `pos`
--
ALTER TABLE `pos`
  ADD PRIMARY KEY (`pos_id`),
  ADD UNIQUE KEY `lora_noseries` (`lora_noseries`);

--
-- Indexes for table `pos_position`
--
ALTER TABLE `pos_position`
  ADD PRIMARY KEY (`position_id`),
  ADD KEY `pos_id` (`pos_id`);

--
-- Indexes for table `profile`
--
ALTER TABLE `profile`
  ADD PRIMARY KEY (`profile_id`),
  ADD KEY `lora_noseries` (`lora_noseries`);

--
-- Indexes for table `user_position`
--
ALTER TABLE `user_position`
  ADD PRIMARY KEY (`position_id`),
  ADD KEY `lora_noseries` (`lora_noseries`),
  ADD KEY `fk_profile` (`profile_id`);

--
-- AUTO_INCREMENT for dumped tables
--

--
-- AUTO_INCREMENT for table `health_status`
--
ALTER TABLE `health_status`
  MODIFY `status_id` int(11) NOT NULL AUTO_INCREMENT, AUTO_INCREMENT=1378;

--
-- AUTO_INCREMENT for table `history`
--
ALTER TABLE `history`
  MODIFY `history_id` int(11) NOT NULL AUTO_INCREMENT, AUTO_INCREMENT=18;

--
-- AUTO_INCREMENT for table `lora`
--
ALTER TABLE `lora`
  MODIFY `lora_id` int(11) NOT NULL AUTO_INCREMENT, AUTO_INCREMENT=15;

--
-- AUTO_INCREMENT for table `notification`
--
ALTER TABLE `notification`
  MODIFY `notification_id` int(11) NOT NULL AUTO_INCREMENT, AUTO_INCREMENT=16;

--
-- AUTO_INCREMENT for table `pos`
--
ALTER TABLE `pos`
  MODIFY `pos_id` int(11) NOT NULL AUTO_INCREMENT, AUTO_INCREMENT=4;

--
-- AUTO_INCREMENT for table `pos_position`
--
ALTER TABLE `pos_position`
  MODIFY `position_id` int(11) NOT NULL AUTO_INCREMENT, AUTO_INCREMENT=25;

--
-- AUTO_INCREMENT for table `profile`
--
ALTER TABLE `profile`
  MODIFY `profile_id` int(11) NOT NULL AUTO_INCREMENT, AUTO_INCREMENT=17;

--
-- AUTO_INCREMENT for table `user_position`
--
ALTER TABLE `user_position`
  MODIFY `position_id` int(11) NOT NULL AUTO_INCREMENT, AUTO_INCREMENT=319;

--
-- Constraints for dumped tables
--

--
-- Constraints for table `health_status`
--
ALTER TABLE `health_status`
  ADD CONSTRAINT `health_status_ibfk_1` FOREIGN KEY (`profile_id`) REFERENCES `profile` (`profile_id`),
  ADD CONSTRAINT `health_status_ibfk_2` FOREIGN KEY (`lora_noseries`) REFERENCES `lora` (`lora_noseries`);

--
-- Constraints for table `history`
--
ALTER TABLE `history`
  ADD CONSTRAINT `fk_lora_noseries` FOREIGN KEY (`lora_noseries`) REFERENCES `lora` (`lora_noseries`),
  ADD CONSTRAINT `fk_pos_id` FOREIGN KEY (`pos_id`) REFERENCES `pos` (`pos_id`),
  ADD CONSTRAINT `fk_pos_lora_noseries` FOREIGN KEY (`pos_lora_noseries`) REFERENCES `pos` (`lora_noseries`),
  ADD CONSTRAINT `history_ibfk_1` FOREIGN KEY (`profile_id`) REFERENCES `profile` (`profile_id`),
  ADD CONSTRAINT `history_ibfk_2` FOREIGN KEY (`lora_noseries`) REFERENCES `lora` (`lora_noseries`);

--
-- Constraints for table `notification`
--
ALTER TABLE `notification`
  ADD CONSTRAINT `notification_ibfk_1` FOREIGN KEY (`profile_id`) REFERENCES `profile` (`profile_id`),
  ADD CONSTRAINT `notification_ibfk_2` FOREIGN KEY (`lora_noseries`) REFERENCES `lora` (`lora_noseries`);

--
-- Constraints for table `pos`
--
ALTER TABLE `pos`
  ADD CONSTRAINT `pos_ibfk_1` FOREIGN KEY (`lora_noseries`) REFERENCES `lora` (`lora_noseries`);

--
-- Constraints for table `pos_position`
--
ALTER TABLE `pos_position`
  ADD CONSTRAINT `pos_position_ibfk_1` FOREIGN KEY (`pos_id`) REFERENCES `pos` (`pos_id`);

--
-- Constraints for table `profile`
--
ALTER TABLE `profile`
  ADD CONSTRAINT `profile_ibfk_1` FOREIGN KEY (`lora_noseries`) REFERENCES `lora` (`lora_noseries`);

--
-- Constraints for table `user_position`
--
ALTER TABLE `user_position`
  ADD CONSTRAINT `fk_profile` FOREIGN KEY (`profile_id`) REFERENCES `profile` (`profile_id`),
  ADD CONSTRAINT `user_position_ibfk_1` FOREIGN KEY (`lora_noseries`) REFERENCES `lora` (`lora_noseries`);
COMMIT;

/*!40101 SET CHARACTER_SET_CLIENT=@OLD_CHARACTER_SET_CLIENT */;
/*!40101 SET CHARACTER_SET_RESULTS=@OLD_CHARACTER_SET_RESULTS */;
/*!40101 SET COLLATION_CONNECTION=@OLD_COLLATION_CONNECTION */;
